Payment_Type,Amount,Vendor_Type,PAN_Available,TDS_Section,TDS_Rate,TDS_Amount
Salary,270106,Employee,No,192,20,54021.2
Salary,413471,Employee,No,192,20,82694.2
Rent,85064,Individual,No,194I,20,17012.8
Rent,299100,Individual,No,194I,20,59820.0
Interest,361151,Individual,Yes,194A,10,36115.1
Rent,198278,Individual,Yes,194I,10,19827.8
Salary,46525,Employee,No,192,20,9305.0
Rent,390257,Individual,No,194I,20,78051.4
Interest,442544,Company,No,194A,20,88508.8
Contractor,167349,Individual,No,194C,20,33469.8
Contractor,33347,Individual,No,194C,20,6669.4
Salary,39589,Employee,No,192,20,7917.8
Rent,237290,Individual,Yes,194I,10,23729.0
Salary,207085,Employee,No,192,20,41417.0
Interest,239269,Individual,No,194A,20,47853.8
Interest,281345,Individual,No,194A,20,56269.0
Professional,81269,Individual,No,194J,20,16253.8
Interest,496928,Individual,No,194A,20,99385.6
Interest,53085,Individual,Yes,194A,10,5308.5
Contractor,220564,Individual,Yes,194C,1,2205.64
Contractor,359311,Individual,Yes,194C,2,7186.22
Rent,353098,Company,Yes,194I,10,35309.8
Professional,261236,Company,Yes,194J,10,26123.6
Salary,379137,Employee,Yes,192,20,75827.4
Salary,46951,Employee,No,192,20,9390.2
Contractor,323665,Company,Yes,194C,2,6473.3
Rent,48539,Individual,Yes,194I,10,4853.9
Interest,76896,Company,No,194A,20,15379.2
Professional,180797,Company,Yes,194J,10,18079.7
Rent,76698,Individual,Yes,194I,10,7669.8
Professional,274397,Individual,Yes,194J,10,27439.7
Professional,96084,Individual,No,194J,20,19216.8
Rent,228953,Company,Yes,194I,10,22895.3
Contractor,265072,Individual,Yes,194C,2,5301.44
Professional,28251,Individual,Yes,194J,10,2825.1
Rent,167776,Company,Yes,194I,10,16777.6
Contractor,387330,Company,No,194C,20,77466.0
Salary,360333,Employee,Yes,192,10,36033.3
Rent,173087,Company,No,194I,20,34617.4
Professional,337456,Company,No,194J,20,67491.2
Rent,336156,Individual,No,194I,20,67231.2
Interest,46787,Company,Yes,194A,10,4678.7
Salary,282451,Employee,No,192,20,56490.2
Contractor,226260,Individual,No,194C,20,45252.0
Rent,380056,Individual,Yes,194I,10,38005.6
Interest,385923,Individual,Yes,194A,10,38592.3
Salary,339694,Employee,Yes,192,30,101908.2
Rent,428072,Individual,No,194I,20,85614.4
Salary,264319,Employee,Yes,192,30,79295.7
Professional,465924,Company,Yes,194J,10,46592.4
Professional,210679,Company,Yes,194J,10,21067.9
Salary,268193,Employee,Yes,192,30,80457.9
Salary,470138,Employee,No,192,20,94027.6
Contractor,126630,Individual,Yes,194C,1,1266.3
Interest,328029,Company,Yes,194A,10,32802.9
Contractor,266148,Individual,No,194C,20,53229.6
Interest,260962,Individual,Yes,194A,10,26096.2
Salary,28723,Employee,No,192,20,5744.6
Salary,322600,Employee,Yes,192,10,32260.0
Contractor,367192,Individual,No,194C,20,73438.4
Interest,347343,Individual,No,194A,20,69468.6
Interest,41177,Individual,Yes,194A,10,4117.7
Contractor,406568,Individual,Yes,194C,2,8131.36
Rent,295850,Individual,Yes,194I,10,29585.0
Interest,396054,Company,No,194A,20,79210.8
Rent,464394,Company,No,194I,20,92878.8
Professional,136062,Company,No,194J,20,27212.4
Contractor,378662,Individual,No,194C,20,75732.4
Contractor,59554,Individual,Yes,194C,1,595.54
Contractor,130731,Company,Yes,194C,2,2614.62
Salary,305823,Employee,Yes,192,30,91746.9
Salary,382507,Employee,No,192,20,76501.4
Contractor,460930,Company,Yes,194C,1,4609.3
Interest,343770,Individual,Yes,194A,10,34377.0
Contractor,57051,Company,Yes,194C,1,570.51
Contractor,59529,Company,No,194C,20,11905.8
Interest,487814,Company,No,194A,20,97562.8
Salary,177535,Employee,Yes,192,20,35507.0
Interest,305924,Company,No,194A,20,61184.8
Interest,344273,Company,Yes,194A,10,34427.3
Interest,266836,Company,Yes,194A,10,26683.6
Professional,49354,Company,No,194J,20,9870.8
Interest,302383,Individual,Yes,194A,10,30238.3
Rent,304452,Individual,No,194I,20,60890.4
Professional,90311,Individual,No,194J,20,18062.2
Professional,132959,Company,No,194J,20,26591.8
Professional,461009,Individual,No,194J,20,92201.8
Interest,66398,Individual,Yes,194A,10,6639.8
Interest,256372,Company,No,194A,20,51274.4
Rent,297252,Company,No,194I,20,59450.4
Interest,371102,Individual,No,194A,20,74220.4
Salary,227241,Employee,No,192,20,45448.2
Interest,397273,Company,Yes,194A,10,39727.3
Contractor,370830,Individual,No,194C,20,74166.0
Professional,92171,Company,No,194J,20,18434.2
Contractor,267221,Company,No,194C,20,53444.2
Professional,491339,Company,Yes,194J,10,49133.9
Rent,137645,Individual,No,194I,20,27529.0
Salary,259089,Employee,No,192,20,51817.8
Interest,219654,Company,No,194A,20,43930.8
Salary,207846,Employee,No,192,20,41569.2
Rent,258758,Individual,No,194I,20,51751.6
Professional,133534,Individual,No,194J,20,26706.8
Professional,208433,Company,Yes,194J,10,20843.3
Professional,387689,Company,No,194J,20,77537.8
Professional,413121,Individual,Yes,194J,10,41312.1
Salary,371945,Employee,No,192,20,74389.0
Salary,121052,Employee,No,192,20,24210.4
Professional,322910,Company,No,194J,20,64582.0
Rent,201918,Individual,No,194I,20,40383.6
Professional,102372,Individual,Yes,194J,10,10237.2
Interest,259033,Company,No,194A,20,51806.6
Rent,408258,Individual,No,194I,20,81651.6
Rent,259040,Individual,Yes,194I,10,25904.0
Professional,468554,Individual,No,194J,20,93710.8
Rent,95160,Company,Yes,194I,10,9516.0
Contractor,274928,Company,Yes,194C,1,2749.28
Contractor,352611,Company,Yes,194C,1,3526.11
Professional,497202,Individual,No,194J,20,99440.4
Interest,148311,Individual,Yes,194A,10,14831.1
Professional,178494,Individual,No,194J,20,35698.8
Salary,441149,Employee,No,192,20,88229.8
Contractor,52204,Company,Yes,194C,1,522.04
Interest,305963,Company,No,194A,20,61192.6
Professional,160771,Individual,No,194J,20,32154.2
Interest,480060,Company,Yes,194A,10,48006.0
Interest,242979,Individual,Yes,194A,10,24297.9
Rent,346214,Individual,No,194I,20,69242.8
Contractor,393113,Individual,Yes,194C,1,3931.13
Contractor,228837,Company,Yes,194C,2,4576.74
Salary,432775,Employee,No,192,20,86555.0
Interest,41232,Company,No,194A,20,8246.4
Contractor,153624,Company,Yes,194C,2,3072.48
Professional,434394,Company,Yes,194J,10,43439.4
Salary,152117,Employee,Yes,192,30,45635.1
Salary,161669,Employee,Yes,192,10,16166.9
Professional,70921,Company,Yes,194J,10,7092.1
Salary,36992,Employee,No,192,20,7398.4
Professional,67128,Individual,No,194J,20,13425.6
Professional,372375,Individual,No,194J,20,74475.0
Salary,452623,Employee,Yes,192,5,22631.15
Salary,82924,Employee,Yes,192,30,24877.2
Interest,213292,Company,No,194A,20,42658.4
Interest,160149,Company,No,194A,20,32029.8
Interest,458301,Individual,No,194A,20,91660.2
Interest,91037,Company,No,194A,20,18207.4
Interest,491401,Individual,Yes,194A,10,49140.1
Rent,363048,Company,Yes,194I,10,36304.8
Professional,398513,Company,Yes,194J,10,39851.3
Professional,31200,Individual,No,194J,20,6240.0
Interest,193712,Company,No,194A,20,38742.4
Salary,44710,Employee,No,192,20,8942.0
Rent,52037,Company,Yes,194I,10,5203.7
Interest,307740,Individual,No,194A,20,61548.0
Contractor,79665,Company,Yes,194C,1,796.65
Professional,149482,Individual,No,194J,20,29896.4
Professional,239463,Individual,Yes,194J,10,23946.3
Professional,107031,Company,Yes,194J,10,10703.1
Contractor,424155,Individual,Yes,194C,1,4241.55
Contractor,55846,Company,Yes,194C,2,1116.92
Rent,494979,Individual,No,194I,20,98995.8
Rent,101704,Individual,No,194I,20,20340.8
Rent,160430,Individual,Yes,194I,10,16043.0
Professional,398963,Individual,No,194J,20,79792.6
Salary,281777,Employee,Yes,192,5,14088.85
Salary,272409,Employee,Yes,192,10,27240.9
Contractor,411824,Individual,No,194C,20,82364.8
Contractor,454281,Individual,Yes,194C,2,9085.62
Professional,76828,Company,No,194J,20,15365.6
Rent,274782,Individual,Yes,194I,10,27478.2
Salary,150316,Employee,Yes,192,5,7515.8
Contractor,201193,Company,Yes,194C,2,4023.86
Rent,240569,Individual,Yes,194I,10,24056.9
Salary,167462,Employee,Yes,192,10,16746.2
Professional,380321,Individual,Yes,194J,10,38032.1
Professional,424238,Company,No,194J,20,84847.6
Rent,308395,Company,Yes,194I,10,30839.5
Professional,333658,Individual,Yes,194J,10,33365.8
Contractor,374758,Individual,Yes,194C,1,3747.58
Contractor,29435,Company,No,194C,20,5887.0
Interest,68176,Company,Yes,194A,10,6817.6
Professional,119310,Individual,Yes,194J,10,11931.0
Contractor,349361,Company,No,194C,20,69872.2
Rent,499253,Company,No,194I,20,99850.6
Rent,202618,Individual,No,194I,20,40523.6
Professional,36724,Company,No,194J,20,7344.8
Interest,479995,Individual,No,194A,20,95999.0
Rent,103253,Individual,Yes,194I,10,10325.3
Rent,376390,Company,No,194I,20,75278.0
Salary,120363,Employee,No,192,20,24072.6
Rent,122740,Company,Yes,194I,10,12274.0
Professional,161298,Individual,Yes,194J,10,16129.8
Salary,236513,Employee,No,192,20,47302.6
Salary,128463,Employee,No,192,20,25692.6
Professional,27498,Company,No,194J,20,5499.6
Contractor,449091,Individual,Yes,194C,1,4490.91
Contractor,151078,Company,No,194C,20,30215.6
Professional,170230,Individual,No,194J,20,34046.0
Professional,160119,Company,No,194J,20,32023.8
Rent,130243,Company,No,194I,20,26048.6
Salary,246861,Employee,No,192,20,49372.2
Rent,66113,Individual,Yes,194I,10,6611.3
Contractor,463914,Company,No,194C,20,92782.8
Salary,256585,Employee,No,192,20,51317.0
Contractor,423987,Company,Yes,194C,2,8479.74
Interest,67669,Individual,Yes,194A,10,6766.9
Rent,154077,Company,No,194I,20,30815.4
Contractor,289778,Individual,No,194C,20,57955.6
Salary,104869,Employee,No,192,20,20973.8
Professional,88206,Company,Yes,194J,10,8820.6
Rent,454078,Individual,Yes,194I,10,45407.8
Rent,431568,Individual,Yes,194I,10,43156.8
Salary,338183,Employee,Yes,192,10,33818.3
Salary,49545,Employee,Yes,192,30,14863.5
Contractor,393501,Individual,No,194C,20,78700.2
Salary,178018,Employee,Yes,192,5,8900.9
Interest,334978,Individual,Yes,194A,10,33497.8
Salary,316824,Employee,No,192,20,63364.8
Professional,110285,Individual,No,194J,20,22057.0
Contractor,202399,Individual,Yes,194C,2,4047.98
Salary,370191,Employee,Yes,192,30,111057.3
Rent,432860,Individual,Yes,194I,10,43286.0
Professional,55094,Company,Yes,194J,10,5509.4
Professional,408937,Company,No,194J,20,81787.4
Contractor,86033,Individual,No,194C,20,17206.6
Salary,425205,Employee,Yes,192,5,21260.25
Salary,305856,Employee,Yes,192,20,61171.2
Salary,377681,Employee,No,192,20,75536.2
Interest,292543,Company,No,194A,20,58508.6
Interest,363534,Individual,No,194A,20,72706.8
Interest,259279,Individual,No,194A,20,51855.8
Salary,300385,Employee,Yes,192,30,90115.5
Salary,374799,Employee,Yes,192,20,74959.8
Contractor,34614,Individual,No,194C,20,6922.8
Interest,409793,Company,Yes,194A,10,40979.3
Rent,42216,Individual,Yes,194I,10,4221.6
Rent,243179,Company,No,194I,20,48635.8
Contractor,285869,Company,Yes,194C,2,5717.38
Rent,101926,Individual,No,194I,20,20385.2
Interest,405617,Company,No,194A,20,81123.4
Contractor,53988,Individual,Yes,194C,2,1079.76
Contractor,31026,Individual,No,194C,20,6205.2
Professional,162031,Company,No,194J,20,32406.2
Professional,221036,Company,No,194J,20,44207.2
Interest,229812,Company,No,194A,20,45962.4
Rent,147032,Company,No,194I,20,29406.4
Salary,374694,Employee,Yes,192,5,18734.7
Rent,230707,Individual,Yes,194I,10,23070.7
Salary,241288,Employee,Yes,192,20,48257.6
Salary,400435,Employee,No,192,20,80087.0
Contractor,373790,Company,No,194C,20,74758.0
Professional,491115,Individual,No,194J,20,98223.0
Rent,360635,Company,Yes,194I,10,36063.5
Salary,101122,Employee,No,192,20,20224.4
Salary,206182,Employee,Yes,192,30,61854.6
Professional,328775,Company,No,194J,20,65755.0
Contractor,401093,Individual,Yes,194C,2,8021.86
Interest,361183,Individual,Yes,194A,10,36118.3
Contractor,484359,Individual,No,194C,20,96871.8
Professional,178482,Individual,No,194J,20,35696.4
Professional,46779,Individual,Yes,194J,10,4677.9
Interest,458062,Individual,Yes,194A,10,45806.2
Rent,39799,Company,Yes,194I,10,3979.9
Contractor,115385,Company,No,194C,20,23077.0
Interest,165032,Individual,No,194A,20,33006.4
Rent,131873,Company,No,194I,20,26374.6
Interest,419889,Individual,No,194A,20,83977.8
Rent,87889,Individual,No,194I,20,17577.8
Salary,350454,Employee,No,192,20,70090.8
Interest,110786,Company,No,194A,20,22157.2
Rent,201943,Individual,No,194I,20,40388.6
Interest,231175,Company,No,194A,20,46235.0
Interest,423470,Individual,Yes,194A,10,42347.0
Contractor,248578,Company,Yes,194C,1,2485.78
Rent,308791,Company,Yes,194I,10,30879.1
Salary,431242,Employee,No,192,20,86248.4
Professional,398160,Individual,Yes,194J,10,39816.0
Professional,384024,Individual,Yes,194J,10,38402.4
Interest,366342,Individual,Yes,194A,10,36634.2
Contractor,155230,Individual,Yes,194C,1,1552.3
Interest,297506,Individual,Yes,194A,10,29750.6
Interest,443327,Individual,No,194A,20,88665.4
Interest,266975,Individual,No,194A,20,53395.0
Contractor,199974,Company,No,194C,20,39994.8
Interest,349238,Individual,Yes,194A,10,34923.8
Interest,197990,Individual,No,194A,20,39598.0
Salary,383748,Employee,Yes,192,10,38374.8
Salary,263559,Employee,No,192,20,52711.8
Professional,382120,Company,No,194J,20,76424.0
Interest,457898,Company,Yes,194A,10,45789.8
Contractor,400687,Company,Yes,194C,1,4006.87
Interest,426997,Company,No,194A,20,85399.4
Salary,370834,Employee,Yes,192,30,111250.2
Interest,443629,Individual,No,194A,20,88725.8
Professional,64576,Company,Yes,194J,10,6457.6
Contractor,411599,Individual,Yes,194C,1,4115.99
Contractor,290507,Individual,Yes,194C,1,2905.07
Contractor,301985,Individual,No,194C,20,60397.0
Interest,439747,Individual,Yes,194A,10,43974.7
Rent,285456,Company,Yes,194I,10,28545.6
Contractor,411782,Individual,Yes,194C,2,8235.64
Rent,53958,Individual,No,194I,20,10791.6
Salary,488252,Employee,Yes,192,10,48825.2
Contractor,351994,Individual,Yes,194C,1,3519.94
Rent,272427,Individual,No,194I,20,54485.4
Interest,294178,Individual,No,194A,20,58835.6
Contractor,177491,Company,Yes,194C,1,1774.91
Professional,25594,Individual,No,194J,20,5118.8
Salary,294848,Employee,No,192,20,58969.6
Salary,444615,Employee,Yes,192,5,22230.75
Rent,96826,Individual,Yes,194I,10,9682.6
Professional,190156,Company,No,194J,20,38031.2
Interest,154972,Individual,Yes,194A,10,15497.2
Professional,43573,Individual,Yes,194J,10,4357.3
Rent,487502,Company,No,194I,20,97500.4
Interest,429600,Company,No,194A,20,85920.0
Salary,129699,Employee,No,192,20,25939.8
Contractor,278814,Company,Yes,194C,1,2788.14
Professional,216043,Individual,Yes,194J,10,21604.3
Professional,82471,Individual,Yes,194J,10,8247.1
Interest,144873,Company,Yes,194A,10,14487.3
Contractor,448002,Individual,No,194C,20,89600.4
Salary,256275,Employee,No,192,20,51255.0
Interest,307973,Individual,Yes,194A,10,30797.3
Contractor,356860,Individual,Yes,194C,1,3568.6
Contractor,149396,Company,Yes,194C,1,1493.96
Interest,452498,Company,No,194A,20,90499.6
Professional,235808,Individual,No,194J,20,47161.6
Interest,31483,Company,Yes,194A,10,3148.3
Interest,372435,Individual,Yes,194A,10,37243.5
Contractor,456243,Individual,Yes,194C,2,9124.86
Professional,20615,Individual,No,194J,20,4123.0
Rent,418857,Company,No,194I,20,83771.4
Professional,254265,Company,Yes,194J,10,25426.5
Interest,63152,Company,No,194A,20,12630.4
Interest,88253,Company,No,194A,20,17650.6
Salary,375784,Employee,Yes,192,30,112735.2
Contractor,248589,Company,Yes,194C,1,2485.89
Contractor,66369,Company,No,194C,20,13273.8
Rent,150269,Individual,No,194I,20,30053.8
Professional,313201,Individual,No,194J,20,62640.2
Professional,324133,Company,Yes,194J,10,32413.3
Interest,309479,Individual,Yes,194A,10,30947.9
Rent,143402,Company,No,194I,20,28680.4
Salary,162490,Employee,No,192,20,32498.0
Interest,68003,Individual,No,194A,20,13600.6
Salary,160911,Employee,No,192,20,32182.2
Interest,428122,Individual,No,194A,20,85624.4
Professional,129496,Individual,No,194J,20,25899.2
Rent,485763,Individual,No,194I,20,97152.6
Salary,455543,Employee,No,192,20,91108.6
Professional,415310,Individual,No,194J,20,83062.0
Professional,413268,Individual,No,194J,20,82653.6
Rent,166708,Individual,Yes,194I,10,16670.8
Professional,68524,Individual,No,194J,20,13704.8
Contractor,122406,Individual,Yes,194C,1,1224.06
Contractor,187669,Company,Yes,194C,2,3753.38
Professional,298737,Individual,No,194J,20,59747.4
Salary,249669,Employee,Yes,192,5,12483.45
Interest,337332,Individual,Yes,194A,10,33733.2
Rent,249650,Company,No,194I,20,49930.0
Interest,77917,Individual,No,194A,20,15583.4
Rent,375555,Individual,Yes,194I,10,37555.5
Salary,429893,Employee,No,192,20,85978.6
Salary,32626,Employee,Yes,192,30,9787.8
Salary,181938,Employee,No,192,20,36387.6
Rent,490643,Company,No,194I,20,98128.6
Interest,224604,Company,Yes,194A,10,22460.4
Salary,103694,Employee,Yes,192,20,20738.8
Salary,88990,Employee,No,192,20,17798.0
Contractor,109989,Individual,No,194C,20,21997.8
Rent,489741,Company,Yes,194I,10,48974.1
Professional,443906,Individual,Yes,194J,10,44390.6
Rent,315621,Individual,Yes,194I,10,31562.1
Interest,38588,Company,No,194A,20,7717.6
Rent,338544,Company,No,194I,20,67708.8
Rent,284460,Company,Yes,194I,10,28446.0
Contractor,344310,Individual,Yes,194C,2,6886.2
Contractor,443275,Company,No,194C,20,88655.0
Contractor,228976,Company,Yes,194C,1,2289.76
Professional,33256,Individual,Yes,194J,10,3325.6
Rent,298935,Company,No,194I,20,59787.0
Rent,135104,Company,No,194I,20,27020.8
Contractor,122750,Company,No,194C,20,24550.0
Salary,457026,Employee,Yes,192,30,137107.8
Contractor,162580,Individual,Yes,194C,1,1625.8
Salary,366348,Employee,No,192,20,73269.6
Interest,30489,Company,Yes,194A,10,3048.9
Salary,83130,Employee,No,192,20,16626.0
Rent,369689,Company,Yes,194I,10,36968.9
Salary,392792,Employee,Yes,192,20,78558.4
Professional,33044,Individual,No,194J,20,6608.8
Salary,350781,Employee,Yes,192,10,35078.1
Interest,77886,Individual,Yes,194A,10,7788.6
Rent,424613,Individual,No,194I,20,84922.6
Contractor,355470,Company,Yes,194C,2,7109.4
Interest,50586,Individual,No,194A,20,10117.2
Rent,211637,Company,Yes,194I,10,21163.7
Contractor,226824,Individual,Yes,194C,1,2268.24
Interest,468862,Individual,Yes,194A,10,46886.2
Contractor,326156,Company,No,194C,20,65231.2
Salary,320821,Employee,No,192,20,64164.2
Interest,478585,Individual,Yes,194A,10,47858.5
Professional,139293,Company,Yes,194J,10,13929.3
Rent,381118,Individual,Yes,194I,10,38111.8
Rent,21714,Company,No,194I,20,4342.8
Interest,82699,Company,No,194A,20,16539.8
Rent,336974,Company,No,194I,20,67394.8
Professional,471287,Company,Yes,194J,10,47128.7
Interest,366536,Company,No,194A,20,73307.2
Salary,172505,Employee,No,192,20,34501.0
Contractor,380265,Individual,No,194C,20,76053.0
Salary,147251,Employee,No,192,20,29450.2
Contractor,411710,Company,Yes,194C,1,4117.1
Interest,108152,Company,Yes,194A,10,10815.2
Professional,41451,Individual,No,194J,20,8290.2
Professional,59066,Company,Yes,194J,10,5906.6
Interest,236277,Company,No,194A,20,47255.4
Professional,333840,Company,Yes,194J,10,33384.0
Salary,318054,Employee,No,192,20,63610.8
Interest,55846,Individual,Yes,194A,10,5584.6
Professional,215933,Company,Yes,194J,10,21593.3
Contractor,400997,Company,No,194C,20,80199.4
Salary,332879,Employee,Yes,192,5,16643.95
Salary,40010,Employee,No,192,20,8002.0
Rent,341231,Company,No,194I,20,68246.2
Interest,245203,Company,No,194A,20,49040.6
Rent,340527,Individual,No,194I,20,68105.4
Contractor,105670,Company,No,194C,20,21134.0
Contractor,385146,Company,Yes,194C,2,7702.92
Contractor,430936,Individual,No,194C,20,86187.2
Salary,261611,Employee,No,192,20,52322.2
Interest,321930,Company,Yes,194A,10,32193.0
Interest,139356,Company,Yes,194A,10,13935.6
Interest,72858,Individual,No,194A,20,14571.6
Contractor,465164,Individual,Yes,194C,1,4651.64
Rent,35714,Individual,No,194I,20,7142.8
Interest,215719,Individual,Yes,194A,10,21571.9
Rent,201502,Company,No,194I,20,40300.4
Rent,127307,Individual,Yes,194I,10,12730.7
Interest,121546,Company,No,194A,20,24309.2
Salary,387170,Employee,Yes,192,5,19358.5
Contractor,184704,Individual,No,194C,20,36940.8
Rent,103192,Individual,Yes,194I,10,10319.2
Rent,389307,Individual,Yes,194I,10,38930.7
Contractor,40171,Individual,Yes,194C,1,401.71
Salary,53456,Employee,No,192,20,10691.2
Salary,289410,Employee,Yes,192,20,57882.0
Salary,176813,Employee,Yes,192,10,17681.3
Rent,467700,Individual,Yes,194I,10,46770.0
Professional,350425,Individual,Yes,194J,10,35042.5
Interest,281835,Company,Yes,194A,10,28183.5
Rent,256159,Company,Yes,194I,10,25615.9
Rent,158906,Company,No,194I,20,31781.2
Contractor,418082,Company,Yes,194C,2,8361.64
Rent,164478,Company,No,194I,20,32895.6
Interest,374399,Company,Yes,194A,10,37439.9
Professional,52138,Individual,Yes,194J,10,5213.8
Contractor,430338,Individual,No,194C,20,86067.6
Rent,139311,Individual,No,194I,20,27862.2
Salary,357900,Employee,Yes,192,5,17895.0
Professional,318104,Individual,Yes,194J,10,31810.4
Salary,432421,Employee,Yes,192,10,43242.1
Contractor,481385,Individual,No,194C,20,96277.0
Professional,456599,Company,No,194J,20,91319.8
Rent,288137,Individual,Yes,194I,10,28813.7
Rent,108765,Individual,No,194I,20,21753.0
Professional,159548,Company,No,194J,20,31909.6
Professional,463917,Individual,No,194J,20,92783.4
Professional,45543,Company,No,194J,20,9108.6
Contractor,283905,Company,Yes,194C,2,5678.1
Interest,264273,Individual,No,194A,20,52854.6
Rent,245223,Company,No,194I,20,49044.6
Professional,32482,Company,No,194J,20,6496.4
Rent,215270,Company,No,194I,20,43054.0
Contractor,462938,Company,Yes,194C,2,9258.76
Contractor,109813,Individual,Yes,194C,2,2196.26
Rent,79511,Individual,No,194I,20,15902.2
Interest,405629,Company,No,194A,20,81125.8
Contractor,323402,Individual,Yes,194C,2,6468.04
Contractor,492043,Individual,No,194C,20,98408.6
Rent,422738,Company,Yes,194I,10,42273.8
Professional,80554,Individual,No,194J,20,16110.8
Contractor,389327,Individual,No,194C,20,77865.4
Salary,440673,Employee,Yes,192,10,44067.3
Salary,409853,Employee,No,192,20,81970.6
Salary,157405,Employee,Yes,192,5,7870.25
Interest,165826,Company,Yes,194A,10,16582.6
Interest,310639,Company,Yes,194A,10,31063.9
Salary,244629,Employee,Yes,192,20,48925.8
Interest,291318,Company,No,194A,20,58263.6
Contractor,259848,Individual,Yes,194C,2,5196.96
Professional,285275,Company,Yes,194J,10,28527.5
Rent,336509,Company,No,194I,20,67301.8
Rent,185492,Individual,Yes,194I,10,18549.2
Interest,33441,Company,Yes,194A,10,3344.1
Interest,44346,Company,No,194A,20,8869.2
Contractor,222452,Individual,No,194C,20,44490.4
Rent,325389,Individual,No,194I,20,65077.8
Interest,172702,Company,No,194A,20,34540.4
Contractor,159939,Individual,No,194C,20,31987.8
Contractor,309908,Company,No,194C,20,61981.6
Rent,302627,Company,No,194I,20,60525.4
Contractor,358335,Individual,No,194C,20,71667.0
Interest,53794,Company,Yes,194A,10,5379.4
Professional,26737,Company,Yes,194J,10,2673.7
Interest,234965,Company,No,194A,20,46993.0
Rent,399983,Individual,Yes,194I,10,39998.3
Salary,20734,Employee,Yes,192,30,6220.2
Interest,186982,Company,Yes,194A,10,18698.2
Professional,289154,Company,Yes,194J,10,28915.4
Rent,162129,Individual,Yes,194I,10,16212.9
Salary,363299,Employee,No,192,20,72659.8
Interest,275781,Individual,No,194A,20,55156.2
Interest,135875,Company,Yes,194A,10,13587.5
Rent,166883,Company,No,194I,20,33376.6
Interest,451758,Individual,No,194A,20,90351.6
Salary,80534,Employee,Yes,192,5,4026.7
Salary,222606,Employee,Yes,192,20,44521.2
Professional,434419,Company,No,194J,20,86883.8
Contractor,182627,Individual,Yes,194C,2,3652.54
Salary,144618,Employee,No,192,20,28923.6
Rent,46849,Individual,Yes,194I,10,4684.9
Interest,257369,Company,Yes,194A,10,25736.9
Salary,180175,Employee,Yes,192,30,54052.5
Professional,51369,Individual,No,194J,20,10273.8
Contractor,70477,Company,Yes,194C,1,704.77
Salary,342716,Employee,Yes,192,10,34271.6
Rent,402626,Company,No,194I,20,80525.2
Interest,466248,Individual,No,194A,20,93249.6
Rent,492096,Company,No,194I,20,98419.2
Interest,122272,Individual,Yes,194A,10,12227.2
Interest,187208,Individual,Yes,194A,10,18720.8
Salary,322376,Employee,No,192,20,64475.2
Interest,311487,Individual,Yes,194A,10,31148.7
Rent,430905,Individual,Yes,194I,10,43090.5
Interest,194679,Company,Yes,194A,10,19467.9
Rent,172968,Company,Yes,194I,10,17296.8
Interest,90921,Company,Yes,194A,10,9092.1
Salary,423052,Employee,No,192,20,84610.4
Contractor,414809,Individual,No,194C,20,82961.8
Salary,483689,Employee,No,192,20,96737.8
Rent,295086,Individual,No,194I,20,59017.2
Rent,451621,Individual,Yes,194I,10,45162.1
Salary,298453,Employee,Yes,192,10,29845.3
Professional,81450,Company,Yes,194J,10,8145.0
Contractor,277500,Individual,No,194C,20,55500.0
Salary,239757,Employee,Yes,192,20,47951.4
Contractor,174890,Individual,Yes,194C,2,3497.8
Contractor,491252,Individual,No,194C,20,98250.4
Salary,24951,Employee,Yes,192,5,1247.55
Professional,488366,Company,Yes,194J,10,48836.6
Contractor,493960,Individual,Yes,194C,1,4939.6
Interest,214350,Company,No,194A,20,42870.0
Interest,140546,Company,No,194A,20,28109.2
Salary,53642,Employee,Yes,192,20,10728.4
Rent,41259,Individual,No,194I,20,8251.8
Salary,275640,Employee,No,192,20,55128.0
Salary,144661,Employee,No,192,20,28932.2
Rent,461845,Company,No,194I,20,92369.0
Salary,74629,Employee,Yes,192,20,14925.8
Salary,325573,Employee,Yes,192,5,16278.65
Interest,108490,Company,Yes,194A,10,10849.0
Salary,238980,Employee,Yes,192,30,71694.0
Rent,297446,Company,No,194I,20,59489.2
Interest,274910,Individual,Yes,194A,10,27491.0
Contractor,137450,Company,Yes,194C,2,2749.0
Interest,177568,Individual,Yes,194A,10,17756.8
Contractor,46823,Individual,No,194C,20,9364.6
Contractor,317200,Company,No,194C,20,63440.0
Rent,195699,Individual,Yes,194I,10,19569.9
Contractor,206530,Company,Yes,194C,1,2065.3
Interest,281442,Individual,No,194A,20,56288.4
Salary,73940,Employee,No,192,20,14788.0
Interest,213442,Company,No,194A,20,42688.4
Professional,61426,Individual,Yes,194J,10,6142.6
Rent,273306,Individual,Yes,194I,10,27330.6
Professional,327729,Individual,Yes,194J,10,32772.9
Salary,198566,Employee,Yes,192,30,59569.8
Professional,175935,Individual,No,194J,20,35187.0
Salary,279309,Employee,No,192,20,55861.8
Professional,107660,Company,No,194J,20,21532.0
Interest,285946,Company,Yes,194A,10,28594.6
Rent,380417,Individual,No,194I,20,76083.4
Rent,284253,Company,No,194I,20,56850.6
Salary,404061,Employee,No,192,20,80812.2
Contractor,28425,Individual,No,194C,20,5685.0
Interest,204586,Individual,No,194A,20,40917.2
Interest,227654,Individual,No,194A,20,45530.8
Professional,165715,Company,Yes,194J,10,16571.5
Salary,87325,Employee,Yes,192,5,4366.25
Contractor,226556,Company,No,194C,20,45311.2
Rent,204296,Individual,Yes,194I,10,20429.6
Salary,416575,Employee,No,192,20,83315.0
Rent,317547,Company,Yes,194I,10,31754.7
Professional,335932,Individual,No,194J,20,67186.4
Salary,347838,Employee,Yes,192,5,17391.9
Rent,155619,Individual,No,194I,20,31123.8
Salary,63752,Employee,No,192,20,12750.4
Salary,408593,Employee,No,192,20,81718.6
Salary,336756,Employee,Yes,192,10,33675.6
Professional,404650,Company,No,194J,20,80930.0
Professional,157429,Individual,No,194J,20,31485.8
Interest,223329,Company,No,194A,20,44665.8
Salary,473471,Employee,Yes,192,5,23673.55
Interest,288578,Individual,No,194A,20,57715.6
Interest,299949,Individual,No,194A,20,59989.8
Salary,281889,Employee,Yes,192,5,14094.45
Salary,282054,Employee,Yes,192,20,56410.8
Professional,347459,Company,No,194J,20,69491.8
Professional,323253,Company,No,194J,20,64650.6
Salary,284766,Employee,Yes,192,5,14238.3
Professional,96231,Company,No,194J,20,19246.2
Contractor,55237,Company,No,194C,20,11047.4
Professional,25410,Company,Yes,194J,10,2541.0
Contractor,188874,Company,No,194C,20,37774.8
Rent,433895,Individual,No,194I,20,86779.0
Professional,296042,Company,Yes,194J,10,29604.2
Rent,26145,Company,Yes,194I,10,2614.5
Rent,301015,Company,Yes,194I,10,30101.5
Professional,470757,Individual,No,194J,20,94151.4
Professional,379326,Company,Yes,194J,10,37932.6
Interest,39098,Individual,No,194A,20,7819.6
Salary,23586,Employee,No,192,20,4717.2
Rent,425961,Company,Yes,194I,10,42596.1
Professional,98776,Company,No,194J,20,19755.2
Rent,26166,Individual,Yes,194I,10,2616.6
Rent,282714,Company,Yes,194I,10,28271.4
Salary,221419,Employee,Yes,192,10,22141.9
Salary,293949,Employee,Yes,192,5,14697.45
Salary,196519,Employee,No,192,20,39303.8
Professional,446935,Individual,Yes,194J,10,44693.5
Professional,496338,Company,No,194J,20,99267.6
Rent,49033,Company,Yes,194I,10,4903.3
Salary,296736,Employee,Yes,192,30,89020.8
Rent,349362,Company,No,194I,20,69872.4
Salary,444647,Employee,No,192,20,88929.4
Interest,346259,Individual,Yes,194A,10,34625.9
Rent,277995,Individual,Yes,194I,10,27799.5
Professional,365627,Individual,Yes,194J,10,36562.7
Salary,300460,Employee,No,192,20,60092.0
Interest,485838,Individual,No,194A,20,97167.6
Interest,273270,Company,No,194A,20,54654.0
Rent,426534,Individual,Yes,194I,10,42653.4
Professional,283495,Individual,Yes,194J,10,28349.5
Interest,50380,Company,No,194A,20,10076.0
Professional,381836,Company,Yes,194J,10,38183.6
Salary,395013,Employee,Yes,192,20,79002.6
Rent,184700,Company,No,194I,20,36940.0
Professional,321834,Company,Yes,194J,10,32183.4
Interest,468040,Individual,No,194A,20,93608.0
Interest,193622,Individual,No,194A,20,38724.4
Rent,497679,Individual,No,194I,20,99535.8
Contractor,92818,Individual,No,194C,20,18563.6
Contractor,143747,Company,Yes,194C,2,2874.94
Rent,330314,Company,Yes,194I,10,33031.4
Salary,163439,Employee,Yes,192,20,32687.8
Interest,165351,Company,Yes,194A,10,16535.1
Salary,394314,Employee,Yes,192,10,39431.4
Professional,350630,Individual,Yes,194J,10,35063.0
Salary,484759,Employee,No,192,20,96951.8
Rent,469858,Company,No,194I,20,93971.6
Interest,412389,Company,No,194A,20,82477.8
Salary,419175,Employee,Yes,192,5,20958.75
Contractor,357462,Company,Yes,194C,1,3574.62
Interest,244614,Individual,No,194A,20,48922.8
Interest,84884,Company,No,194A,20,16976.8
Salary,178035,Employee,Yes,192,20,35607.0
Contractor,145967,Individual,Yes,194C,1,1459.67
Professional,449461,Company,Yes,194J,10,44946.1
Salary,40294,Employee,Yes,192,20,8058.8
Salary,247035,Employee,Yes,192,20,49407.0
Contractor,214319,Individual,Yes,194C,2,4286.38
Rent,156910,Individual,No,194I,20,31382.0
Rent,352646,Company,No,194I,20,70529.2
Rent,405167,Individual,Yes,194I,10,40516.7
Contractor,179480,Company,Yes,194C,1,1794.8
Rent,74751,Company,Yes,194I,10,7475.1
Rent,101326,Company,Yes,194I,10,10132.6
Professional,456287,Company,No,194J,20,91257.4
Salary,162481,Employee,No,192,20,32496.2
Contractor,396254,Company,No,194C,20,79250.8
Salary,176577,Employee,Yes,192,30,52973.1
Contractor,81162,Company,Yes,194C,2,1623.24
Professional,76641,Individual,No,194J,20,15328.2
Professional,113225,Company,No,194J,20,22645.0
Interest,215385,Company,Yes,194A,10,21538.5
Professional,482282,Individual,Yes,194J,10,48228.2
Salary,312961,Employee,Yes,192,30,93888.3
Contractor,148200,Individual,No,194C,20,29640.0
Professional,381085,Company,Yes,194J,10,38108.5
Contractor,374156,Company,Yes,194C,2,7483.12
Salary,349113,Employee,Yes,192,5,17455.65
Salary,345396,Employee,No,192,20,69079.2
Rent,352389,Individual,Yes,194I,10,35238.9
Professional,240973,Company,No,194J,20,48194.6
Professional,493905,Individual,No,194J,20,98781.0
Interest,333766,Individual,No,194A,20,66753.2
Interest,332856,Individual,Yes,194A,10,33285.6
Rent,367904,Company,Yes,194I,10,36790.4
Interest,152286,Individual,Yes,194A,10,15228.6
Rent,138557,Individual,No,194I,20,27711.4
Rent,97632,Company,Yes,194I,10,9763.2
Salary,315599,Employee,No,192,20,63119.8
Interest,429260,Individual,No,194A,20,85852.0
Interest,82213,Individual,Yes,194A,10,8221.3
Interest,216798,Company,No,194A,20,43359.6
Rent,303513,Individual,Yes,194I,10,30351.3
Salary,396994,Employee,No,192,20,79398.8
Professional,295369,Individual,No,194J,20,59073.8
Interest,251403,Individual,No,194A,20,50280.6
Rent,195700,Company,No,194I,20,39140.0
Interest,484357,Company,No,194A,20,96871.4
Salary,338202,Employee,Yes,192,5,16910.1
Professional,464557,Individual,Yes,194J,10,46455.7
Contractor,262047,Individual,No,194C,20,52409.4
Rent,396127,Individual,Yes,194I,10,39612.7
Rent,135869,Company,Yes,194I,10,13586.9
Interest,435233,Company,Yes,194A,10,43523.3
Salary,81759,Employee,No,192,20,16351.8
Contractor,39932,Individual,Yes,194C,1,399.32
Rent,353038,Company,Yes,194I,10,35303.8
Salary,299958,Employee,No,192,20,59991.6
Professional,359894,Company,No,194J,20,71978.8
Salary,234310,Employee,Yes,192,20,46862.0
Salary,252076,Employee,Yes,192,30,75622.8
Salary,43383,Employee,Yes,192,5,2169.15
Salary,295253,Employee,Yes,192,10,29525.3
Rent,172186,Company,No,194I,20,34437.2
Contractor,102215,Company,Yes,194C,1,1022.15
Interest,184503,Individual,No,194A,20,36900.6
Rent,450370,Company,No,194I,20,90074.0
Salary,118598,Employee,Yes,192,10,11859.8
Professional,365118,Company,No,194J,20,73023.6
Professional,32502,Company,Yes,194J,10,3250.2
Contractor,344575,Individual,No,194C,20,68915.0
Professional,161335,Company,No,194J,20,32267.0
Rent,304598,Individual,No,194I,20,60919.6
Contractor,78466,Individual,Yes,194C,1,784.66
Salary,44058,Employee,No,192,20,8811.6
Salary,351798,Employee,No,192,20,70359.6
Interest,234286,Company,Yes,194A,10,23428.6
Professional,36172,Individual,Yes,194J,10,3617.2
Professional,405762,Company,Yes,194J,10,40576.2
Professional,63244,Company,Yes,194J,10,6324.4
Professional,482786,Company,Yes,194J,10,48278.6
Rent,272118,Company,No,194I,20,54423.6
Rent,235250,Individual,Yes,194I,10,23525.0
Rent,294369,Company,Yes,194I,10,29436.9
Salary,483819,Employee,Yes,192,20,96763.8
Professional,100944,Company,No,194J,20,20188.8
Rent,131502,Individual,Yes,194I,10,13150.2
Rent,102859,Company,No,194I,20,20571.8
Rent,461984,Individual,Yes,194I,10,46198.4
Professional,422238,Company,Yes,194J,10,42223.8
Rent,361470,Company,Yes,194I,10,36147.0
Professional,499328,Individual,No,194J,20,99865.6
Rent,24912,Company,Yes,194I,10,2491.2
Professional,274948,Individual,No,194J,20,54989.6
Salary,146571,Employee,No,192,20,29314.2
Interest,327008,Company,Yes,194A,10,32700.8
Salary,483965,Employee,Yes,192,20,96793.0
Professional,242316,Company,Yes,194J,10,24231.6
Professional,269892,Individual,No,194J,20,53978.4
Professional,468250,Individual,Yes,194J,10,46825.0
Professional,331622,Individual,Yes,194J,10,33162.2
Contractor,366562,Individual,No,194C,20,73312.4
Interest,401477,Company,No,194A,20,80295.4
Rent,404187,Company,No,194I,20,80837.4
Professional,437588,Individual,No,194J,20,87517.6
Salary,86192,Employee,Yes,192,20,17238.4
Salary,278928,Employee,No,192,20,55785.6
Salary,35892,Employee,Yes,192,30,10767.6
Interest,282855,Company,No,194A,20,56571.0
Salary,344418,Employee,Yes,192,30,103325.4
Interest,107749,Individual,No,194A,20,21549.8
Professional,66016,Company,No,194J,20,13203.2
Professional,417083,Individual,No,194J,20,83416.6
Salary,21723,Employee,Yes,192,5,1086.15
Interest,332017,Individual,No,194A,20,66403.4
Professional,27909,Individual,No,194J,20,5581.8
Interest,241794,Individual,No,194A,20,48358.8
Rent,279355,Individual,No,194I,20,55871.0
Salary,124691,Employee,No,192,20,24938.2
Salary,439488,Employee,No,192,20,87897.6
Contractor,195470,Company,Yes,194C,1,1954.7
Professional,312376,Company,No,194J,20,62475.2
Salary,250348,Employee,Yes,192,30,75104.4
Contractor,128652,Company,Yes,194C,1,1286.52
Salary,305617,Employee,Yes,192,5,15280.85
Interest,326216,Individual,Yes,194A,10,32621.6
Contractor,409162,Company,Yes,194C,2,8183.24
Rent,114977,Individual,No,194I,20,22995.4
Professional,353125,Individual,Yes,194J,10,35312.5
Contractor,51108,Company,No,194C,20,10221.6
Professional,288922,Individual,Yes,194J,10,28892.2
Salary,445284,Employee,Yes,192,20,89056.8
Interest,464861,Individual,No,194A,20,92972.2
Professional,419821,Company,Yes,194J,10,41982.1
Salary,69082,Employee,No,192,20,13816.4
Professional,87578,Individual,No,194J,20,17515.6
Professional,251247,Company,Yes,194J,10,25124.7
Salary,469065,Employee,Yes,192,20,93813.0
Professional,406802,Company,Yes,194J,10,40680.2
Salary,68048,Employee,No,192,20,13609.6
Professional,26372,Individual,Yes,194J,10,2637.2
Contractor,216699,Company,Yes,194C,1,2166.99
Professional,466074,Individual,No,194J,20,93214.8
Contractor,449621,Individual,Yes,194C,1,4496.21
Contractor,483839,Company,No,194C,20,96767.8
Rent,173359,Individual,Yes,194I,10,17335.9
Rent,105281,Individual,No,194I,20,21056.2
Professional,259686,Individual,Yes,194J,10,25968.6
Rent,151368,Individual,No,194I,20,30273.6
Salary,90891,Employee,No,192,20,18178.2
Rent,216106,Individual,No,194I,20,43221.2
Professional,463882,Individual,Yes,194J,10,46388.2
Professional,413592,Company,No,194J,20,82718.4
Interest,433276,Individual,Yes,194A,10,43327.6
Rent,151797,Individual,Yes,194I,10,15179.7
Professional,179362,Company,Yes,194J,10,17936.2
Salary,310219,Employee,Yes,192,10,31021.9
Interest,150609,Company,No,194A,20,30121.8
Salary,445279,Employee,Yes,192,10,44527.9
Contractor,92381,Company,No,194C,20,18476.2
Professional,187263,Individual,Yes,194J,10,18726.3
Professional,250984,Company,Yes,194J,10,25098.4
Contractor,96401,Individual,Yes,194C,1,964.01
Professional,135050,Individual,Yes,194J,10,13505.0
Rent,279945,Individual,No,194I,20,55989.0
Contractor,276562,Company,No,194C,20,55312.4
Contractor,394887,Individual,Yes,194C,2,7897.74
Professional,417328,Individual,No,194J,20,83465.6
Professional,449718,Company,No,194J,20,89943.6
Rent,370374,Company,No,194I,20,74074.8
Contractor,269022,Company,Yes,194C,1,2690.22
Rent,429755,Company,Yes,194I,10,42975.5
Salary,491113,Employee,No,192,20,98222.6
Rent,411200,Individual,No,194I,20,82240.0
Salary,365163,Employee,No,192,20,73032.6
Professional,469319,Company,No,194J,20,93863.8
Interest,79713,Individual,Yes,194A,10,7971.3
Rent,396661,Individual,Yes,194I,10,39666.1
Contractor,336658,Company,No,194C,20,67331.6
Interest,84833,Individual,No,194A,20,16966.6
Contractor,415407,Company,Yes,194C,1,4154.07
Salary,228640,Employee,Yes,192,20,45728.0
Rent,459975,Individual,No,194I,20,91995.0
Interest,45887,Company,Yes,194A,10,4588.7
Contractor,249279,Company,Yes,194C,1,2492.79
Contractor,476750,Company,No,194C,20,95350.0
Salary,254187,Employee,No,192,20,50837.4
Salary,264045,Employee,No,192,20,52809.0
Interest,23885,Individual,Yes,194A,10,2388.5
Professional,137910,Company,Yes,194J,10,13791.0
Professional,435459,Individual,Yes,194J,10,43545.9
Salary,292809,Employee,No,192,20,58561.8
Contractor,197953,Individual,No,194C,20,39590.6
Rent,277760,Company,Yes,194I,10,27776.0
Contractor,254099,Individual,No,194C,20,50819.8
Interest,162612,Individual,No,194A,20,32522.4
Salary,474291,Employee,Yes,192,30,142287.3
Contractor,278113,Company,Yes,194C,2,5562.26
Interest,168358,Company,Yes,194A,10,16835.8
Professional,102051,Individual,No,194J,20,20410.2
Interest,234715,Individual,No,194A,20,46943.0
Salary,235083,Employee,Yes,192,10,23508.3
Rent,405563,Company,Yes,194I,10,40556.3
Contractor,412621,Individual,No,194C,20,82524.2
Rent,127545,Individual,No,194I,20,25509.0
Interest,258029,Company,Yes,194A,10,25802.9
Contractor,123000,Company,No,194C,20,24600.0
Professional,455536,Individual,Yes,194J,10,45553.6
Interest,252943,Individual,No,194A,20,50588.6
Rent,282828,Company,Yes,194I,10,28282.8
Interest,69749,Company,No,194A,20,13949.8
Interest,145884,Company,No,194A,20,29176.8
Rent,260928,Individual,No,194I,20,52185.6
Professional,188765,Individual,Yes,194J,10,18876.5
Rent,50154,Company,No,194I,20,10030.8
Professional,86581,Company,No,194J,20,17316.2
Rent,31807,Individual,Yes,194I,10,3180.7
Contractor,269793,Company,Yes,194C,2,5395.86
Rent,322462,Company,No,194I,20,64492.4
Professional,443223,Company,Yes,194J,10,44322.3
Salary,458677,Employee,No,192,20,91735.4
Salary,378997,Employee,No,192,20,75799.4
Contractor,362497,Company,No,194C,20,72499.4
Interest,409599,Individual,No,194A,20,81919.8
Contractor,200613,Company,Yes,194C,1,2006.13
Rent,137873,Company,No,194I,20,27574.6
Rent,31025,Individual,No,194I,20,6205.0
Rent,195276,Company,Yes,194I,10,19527.6
Rent,288285,Company,No,194I,20,57657.0
Professional,77176,Individual,Yes,194J,10,7717.6
Professional,84063,Company,Yes,194J,10,8406.3
Professional,53066,Company,No,194J,20,10613.2
Professional,262432,Company,Yes,194J,10,26243.2
Professional,186269,Company,No,194J,20,37253.8
Contractor,154522,Company,Yes,194C,1,1545.22
Rent,455323,Company,Yes,194I,10,45532.3
Interest,239810,Individual,No,194A,20,47962.0
Interest,348132,Individual,Yes,194A,10,34813.2
Contractor,331373,Company,No,194C,20,66274.6
Interest,192052,Company,Yes,194A,10,19205.2
Interest,380140,Individual,Yes,194A,10,38014.0
Salary,320578,Employee,Yes,192,5,16028.9
Interest,423003,Company,No,194A,20,84600.6
Professional,122688,Individual,Yes,194J,10,12268.8
Professional,362185,Company,No,194J,20,72437.0
Contractor,215706,Company,Yes,194C,1,2157.06
Salary,30580,Employee,No,192,20,6116.0
Contractor,307824,Individual,No,194C,20,61564.8
Interest,349539,Company,No,194A,20,69907.8
Salary,224728,Employee,Yes,192,5,11236.4
Rent,371262,Individual,No,194I,20,74252.4
Contractor,161109,Individual,No,194C,20,32221.8
Professional,327210,Company,No,194J,20,65442.0
Salary,82224,Employee,No,192,20,16444.8
Contractor,464948,Company,Yes,194C,2,9298.96
Salary,484398,Employee,Yes,192,30,145319.4
Contractor,429812,Company,Yes,194C,1,4298.12
Professional,404747,Individual,Yes,194J,10,40474.7
Contractor,256557,Company,Yes,194C,1,2565.57
Professional,150831,Company,Yes,194J,10,15083.1
Contractor,118725,Company,Yes,194C,1,1187.25
Interest,430872,Individual,Yes,194A,10,43087.2
Professional,215928,Company,Yes,194J,10,21592.8
Salary,405953,Employee,Yes,192,10,40595.3
Interest,332140,Company,Yes,194A,10,33214.0
Interest,125685,Company,No,194A,20,25137.0
Interest,218552,Individual,No,194A,20,43710.4
Interest,161738,Individual,No,194A,20,32347.6
Salary,274232,Employee,Yes,192,20,54846.4
Contractor,161816,Individual,No,194C,20,32363.2
Interest,420554,Individual,Yes,194A,10,42055.4
Interest,75888,Individual,Yes,194A,10,7588.8
Professional,458592,Individual,No,194J,20,91718.4
Rent,467821,Company,No,194I,20,93564.2
Rent,73726,Company,Yes,194I,10,7372.6
Contractor,225475,Individual,No,194C,20,45095.0
Contractor,345439,Individual,No,194C,20,69087.8
Contractor,168437,Individual,No,194C,20,33687.4
Interest,49619,Company,No,194A,20,9923.8
Professional,461876,Company,Yes,194J,10,46187.6
Rent,61269,Individual,No,194I,20,12253.8
Interest,62406,Individual,No,194A,20,12481.2
Contractor,466065,Company,No,194C,20,93213.0
Interest,178184,Individual,Yes,194A,10,17818.4
Professional,85816,Company,Yes,194J,10,8581.6
Salary,224500,Employee,Yes,192,5,11225.0
Professional,308476,Individual,No,194J,20,61695.2
Interest,106706,Company,No,194A,20,21341.2
Rent,217062,Company,Yes,194I,10,21706.2
Interest,172527,Company,No,194A,20,34505.4
Interest,85319,Individual,Yes,194A,10,8531.9
Contractor,338411,Company,Yes,194C,2,6768.22
Contractor,218360,Company,Yes,194C,2,4367.2
Contractor,115230,Company,No,194C,20,23046.0
Interest,437956,Individual,Yes,194A,10,43795.6
Interest,243769,Individual,No,194A,20,48753.8
Rent,484353,Company,No,194I,20,96870.6
Salary,323501,Employee,Yes,192,5,16175.05
Professional,90726,Individual,Yes,194J,10,9072.6
Rent,430093,Company,No,194I,20,86018.6
Salary,78507,Employee,Yes,192,5,3925.35
Rent,362416,Individual,Yes,194I,10,36241.6
Professional,431792,Individual,No,194J,20,86358.4
Professional,38942,Company,Yes,194J,10,3894.2
Interest,143370,Company,Yes,194A,10,14337.0
Interest,319070,Individual,No,194A,20,63814.0
Interest,480745,Individual,Yes,194A,10,48074.5
Contractor,51241,Company,No,194C,20,10248.2
Salary,183229,Employee,Yes,192,10,18322.9
Professional,430345,Individual,Yes,194J,10,43034.5
Interest,164035,Company,No,194A,20,32807.0
Rent,484966,Company,Yes,194I,10,48496.6
Salary,93325,Employee,No,192,20,18665.0
Salary,458563,Employee,Yes,192,10,45856.3
Professional,427633,Company,Yes,194J,10,42763.3
Rent,24578,Company,No,194I,20,4915.6
Rent,91316,Company,Yes,194I,10,9131.6
Professional,135618,Company,No,194J,20,27123.6
Salary,288567,Employee,Yes,192,20,57713.4
Interest,210124,Individual,No,194A,20,42024.8
Professional,388517,Individual,No,194J,20,77703.4
Interest,104761,Company,No,194A,20,20952.2
Salary,410327,Employee,No,192,20,82065.4
Interest,493430,Individual,No,194A,20,98686.0
Interest,217035,Individual,No,194A,20,43407.0
Salary,300593,Employee,No,192,20,60118.6
Professional,459743,Company,No,194J,20,91948.6
Salary,338191,Employee,Yes,192,30,101457.3
Salary,49484,Employee,Yes,192,10,4948.4
Interest,123617,Company,No,194A,20,24723.4
Rent,352690,Company,No,194I,20,70538.0
Contractor,329145,Individual,No,194C,20,65829.0
Contractor,293368,Individual,Yes,194C,1,2933.68
Contractor,30266,Individual,No,194C,20,6053.2
Salary,195100,Employee,Yes,192,10,19510.0
Contractor,148067,Company,Yes,194C,2,2961.34
Contractor,297807,Company,No,194C,20,59561.4
Contractor,388388,Individual,Yes,194C,1,3883.88
Salary,210953,Employee,No,192,20,42190.6
Interest,346191,Individual,No,194A,20,69238.2
Salary,237276,Employee,No,192,20,47455.2
Professional,247767,Company,Yes,194J,10,24776.7
Salary,282143,Employee,Yes,192,30,84642.9
Contractor,216264,Company,No,194C,20,43252.8
Rent,201540,Company,Yes,194I,10,20154.0
Interest,291303,Company,Yes,194A,10,29130.3
Professional,260028,Individual,No,194J,20,52005.6
Salary,107160,Employee,No,192,20,21432.0
Salary,457066,Employee,Yes,192,20,91413.2
Interest,116241,Company,No,194A,20,23248.2
Interest,333610,Individual,Yes,194A,10,33361.0
Interest,329467,Company,Yes,194A,10,32946.7
Salary,449927,Employee,Yes,192,5,22496.35
Rent,69600,Company,No,194I,20,13920.0
Contractor,383986,Company,Yes,194C,2,7679.72
Rent,242913,Company,Yes,194I,10,24291.3
Interest,470986,Company,No,194A,20,94197.2
Interest,380449,Company,No,194A,20,76089.8
Interest,267453,Individual,Yes,194A,10,26745.3
Rent,375835,Individual,Yes,194I,10,37583.5
Rent,354038,Individual,No,194I,20,70807.6
Interest,348837,Individual,Yes,194A,10,34883.7
Interest,238145,Company,Yes,194A,10,23814.5
Contractor,26792,Company,No,194C,20,5358.4
Rent,350494,Company,No,194I,20,70098.8
Rent,79476,Individual,Yes,194I,10,7947.6
Professional,230776,Individual,Yes,194J,10,23077.6
Contractor,96041,Company,No,194C,20,19208.2
Rent,207458,Individual,No,194I,20,41491.6
Contractor,342222,Individual,No,194C,20,68444.4
Salary,260755,Employee,No,192,20,52151.0
Rent,284691,Individual,No,194I,20,56938.2
Contractor,474189,Company,No,194C,20,94837.8
Contractor,302875,Company,Yes,194C,2,6057.5
Salary,39875,Employee,No,192,20,7975.0
Contractor,66928,Company,Yes,194C,2,1338.56
Contractor,62532,Company,No,194C,20,12506.4
Rent,435581,Individual,No,194I,20,87116.2
Interest,85726,Company,Yes,194A,10,8572.6
Professional,262443,Company,No,194J,20,52488.6
Professional,135535,Company,Yes,194J,10,13553.5
Salary,152955,Employee,Yes,192,30,45886.5
Professional,202614,Company,No,194J,20,40522.8
Salary,343164,Employee,Yes,192,10,34316.4
Rent,101310,Individual,No,194I,20,20262.0
Salary,231371,Employee,Yes,192,20,46274.2
Salary,438127,Employee,Yes,192,10,43812.7
Rent,227066,Company,No,194I,20,45413.2
Rent,273043,Company,Yes,194I,10,27304.3
Interest,358921,Individual,No,194A,20,71784.2
Salary,209641,Employee,No,192,20,41928.2
Contractor,372883,Company,No,194C,20,74576.6
Interest,64089,Company,Yes,194A,10,6408.9
Rent,101565,Individual,No,194I,20,20313.0
Salary,96853,Employee,Yes,192,10,9685.3
Salary,230652,Employee,Yes,192,10,23065.2
Interest,55586,Company,Yes,194A,10,5558.6
Rent,299068,Individual,No,194I,20,59813.6
Contractor,290608,Individual,No,194C,20,58121.6
Contractor,352059,Individual,Yes,194C,1,3520.59
Rent,490134,Individual,No,194I,20,98026.8
Salary,383559,Employee,Yes,192,20,76711.8
Rent,425645,Company,Yes,194I,10,42564.5
Professional,266128,Individual,Yes,194J,10,26612.8
Salary,344317,Employee,Yes,192,30,103295.1
Contractor,121519,Individual,Yes,194C,1,1215.19
Salary,371528,Employee,Yes,192,30,111458.4
Professional,364022,Individual,Yes,194J,10,36402.2
Rent,101865,Individual,Yes,194I,10,10186.5
Rent,88053,Company,Yes,194I,10,8805.3
Salary,399388,Employee,Yes,192,10,39938.8
Contractor,118055,Individual,Yes,194C,2,2361.1
Contractor,35871,Individual,No,194C,20,7174.2
Rent,487212,Company,No,194I,20,97442.4
Salary,72885,Employee,No,192,20,14577.0
Rent,69191,Individual,Yes,194I,10,6919.1
Rent,233038,Individual,Yes,194I,10,23303.8
Interest,458086,Individual,Yes,194A,10,45808.6
Rent,351989,Individual,No,194I,20,70397.8
Rent,474102,Individual,Yes,194I,10,47410.2
Interest,101869,Individual,Yes,194A,10,10186.9
Salary,77655,Employee,No,192,20,15531.0
Interest,67303,Company,Yes,194A,10,6730.3
Salary,73761,Employee,Yes,192,30,22128.3
Professional,291850,Individual,Yes,194J,10,29185.0
Contractor,186041,Company,No,194C,20,37208.2
Salary,402837,Employee,Yes,192,5,20141.85
Interest,168941,Individual,No,194A,20,33788.2
Salary,191464,Employee,No,192,20,38292.8
Professional,460990,Individual,Yes,194J,10,46099.0
Salary,317121,Employee,No,192,20,63424.2
Interest,316936,Individual,No,194A,20,63387.2
Rent,173452,Individual,Yes,194I,10,17345.2
Contractor,338499,Company,No,194C,20,67699.8
Rent,245553,Individual,No,194I,20,49110.6
Contractor,289775,Company,Yes,194C,2,5795.5
Professional,380814,Company,Yes,194J,10,38081.4
Salary,441955,Employee,No,192,20,88391.0
Rent,160897,Individual,Yes,194I,10,16089.7
Interest,154335,Individual,Yes,194A,10,15433.5
Interest,22330,Individual,Yes,194A,10,2233.0
Interest,165365,Individual,No,194A,20,33073.0
Contractor,306858,Individual,No,194C,20,61371.6
Interest,364947,Individual,No,194A,20,72989.4
Contractor,126627,Individual,Yes,194C,1,1266.27
Rent,252753,Individual,No,194I,20,50550.6
Contractor,339506,Company,No,194C,20,67901.2
Salary,485658,Employee,Yes,192,5,24282.9
Interest,428636,Company,Yes,194A,10,42863.6
Rent,441789,Individual,No,194I,20,88357.8
Rent,436130,Company,Yes,194I,10,43613.0
Professional,37764,Company,No,194J,20,7552.8
Rent,102408,Individual,Yes,194I,10,10240.8
Professional,404431,Individual,Yes,194J,10,40443.1
Contractor,213349,Company,Yes,194C,1,2133.49
Professional,386442,Company,Yes,194J,10,38644.2
Salary,22647,Employee,Yes,192,20,4529.4
Interest,376298,Individual,No,194A,20,75259.6
Rent,375279,Company,Yes,194I,10,37527.9
Interest,439411,Individual,No,194A,20,87882.2
Rent,63031,Company,No,194I,20,12606.2
Interest,313547,Company,Yes,194A,10,31354.7
Rent,463271,Individual,No,194I,20,92654.2
Salary,226707,Employee,No,192,20,45341.4
Contractor,100029,Company,No,194C,20,20005.8
Contractor,80840,Company,No,194C,20,16168.0
Salary,455882,Employee,No,192,20,91176.4
Salary,316574,Employee,No,192,20,63314.8
Contractor,282089,Individual,Yes,194C,1,2820.89
Salary,25330,Employee,Yes,192,20,5066.0
Rent,320754,Individual,Yes,194I,10,32075.4
Professional,299286,Individual,Yes,194J,10,29928.6
Contractor,260125,Individual,Yes,194C,2,5202.5
Professional,209971,Company,Yes,194J,10,20997.1
Contractor,79397,Company,No,194C,20,15879.4
Contractor,441569,Individual,Yes,194C,2,8831.38
Salary,341116,Employee,Yes,192,5,17055.8
Salary,139261,Employee,No,192,20,27852.2
Rent,34849,Company,Yes,194I,10,3484.9
Professional,27338,Individual,No,194J,20,5467.6
Professional,131398,Individual,No,194J,20,26279.6
Contractor,469428,Individual,No,194C,20,93885.6
Rent,446478,Company,No,194I,20,89295.6
Professional,454411,Individual,Yes,194J,10,45441.1
Contractor,359273,Individual,No,194C,20,71854.6
Professional,377327,Individual,No,194J,20,75465.4
Salary,452828,Employee,No,192,20,90565.6
Interest,405718,Company,No,194A,20,81143.6
Interest,274856,Company,Yes,194A,10,27485.6
Interest,344721,Company,No,194A,20,68944.2
Contractor,453564,Company,Yes,194C,1,4535.64
Interest,210312,Individual,Yes,194A,10,21031.2
Rent,275644,Individual,Yes,194I,10,27564.4
Contractor,440933,Company,No,194C,20,88186.6
Salary,378816,Employee,No,192,20,75763.2
Professional,92631,Company,Yes,194J,10,9263.1
Interest,386083,Individual,Yes,194A,10,38608.3
Rent,47439,Individual,Yes,194I,10,4743.9
Rent,433986,Company,No,194I,20,86797.2
Contractor,248555,Individual,Yes,194C,2,4971.1
Interest,259495,Company,Yes,194A,10,25949.5
Interest,167984,Company,No,194A,20,33596.8
Salary,263233,Employee,No,192,20,52646.6
Contractor,440948,Company,Yes,194C,1,4409.48
Contractor,22244,Company,Yes,194C,1,222.44
Salary,271531,Employee,Yes,192,5,13576.55
Interest,258815,Company,No,194A,20,51763.0
Contractor,208497,Individual,Yes,194C,2,4169.94
Salary,493802,Employee,Yes,192,20,98760.4
Contractor,448775,Individual,Yes,194C,2,8975.5
Rent,270361,Company,No,194I,20,54072.2
Interest,48941,Individual,No,194A,20,9788.2
Professional,217215,Individual,Yes,194J,10,21721.5
Contractor,179432,Individual,Yes,194C,2,3588.64
Rent,248683,Individual,No,194I,20,49736.6
Rent,413785,Company,No,194I,20,82757.0
Salary,76192,Employee,Yes,192,30,22857.6
Salary,374814,Employee,No,192,20,74962.8
Rent,83875,Individual,No,194I,20,16775.0
Interest,270772,Individual,No,194A,20,54154.4
Interest,224736,Company,Yes,194A,10,22473.6
Contractor,73415,Individual,Yes,194C,1,734.15
Rent,338495,Individual,Yes,194I,10,33849.5
Interest,398871,Company,Yes,194A,10,39887.1
Salary,480672,Employee,Yes,192,5,24033.6
Rent,474643,Company,Yes,194I,10,47464.3
Salary,289875,Employee,Yes,192,10,28987.5
Professional,384192,Individual,No,194J,20,76838.4
Interest,452111,Company,Yes,194A,10,45211.1
Contractor,205475,Individual,Yes,194C,1,2054.75
Rent,430707,Company,Yes,194I,10,43070.7
Interest,28944,Individual,No,194A,20,5788.8
Salary,100592,Employee,No,192,20,20118.4
Salary,462137,Employee,No,192,20,92427.4
Rent,193505,Individual,No,194I,20,38701.0
Professional,219865,Company,Yes,194J,10,21986.5
Contractor,128795,Individual,Yes,194C,2,2575.9
Contractor,161002,Company,No,194C,20,32200.4
Rent,405502,Individual,No,194I,20,81100.4
Contractor,437788,Individual,Yes,194C,1,4377.88
Contractor,457210,Individual,No,194C,20,91442.0
Rent,478197,Individual,No,194I,20,95639.4
Rent,54446,Company,No,194I,20,10889.2
Contractor,456568,Individual,Yes,194C,1,4565.68
Professional,57890,Company,No,194J,20,11578.0
Rent,230560,Company,Yes,194I,10,23056.0
Professional,174261,Company,Yes,194J,10,17426.1
Rent,388616,Company,Yes,194I,10,38861.6
Professional,480250,Individual,Yes,194J,10,48025.0
Rent,450300,Individual,Yes,194I,10,45030.0
Interest,458735,Individual,No,194A,20,91747.0
Professional,243484,Individual,No,194J,20,48696.8
Interest,172439,Company,No,194A,20,34487.8
Professional,317546,Individual,No,194J,20,63509.2
Salary,45250,Employee,Yes,192,10,4525.0
Interest,496528,Individual,Yes,194A,10,49652.8
Salary,138614,Employee,No,192,20,27722.8
Interest,454625,Company,No,194A,20,90925.0
Contractor,191321,Individual,Yes,194C,1,1913.21
Contractor,441001,Individual,No,194C,20,88200.2
Interest,257094,Company,Yes,194A,10,25709.4
Professional,255094,Individual,Yes,194J,10,25509.4
Rent,415094,Individual,Yes,194I,10,41509.4
Salary,113723,Employee,No,192,20,22744.6
Interest,436930,Company,No,194A,20,87386.0
Professional,65348,Individual,Yes,194J,10,6534.8
Interest,299477,Company,Yes,194A,10,29947.7
Salary,191344,Employee,Yes,192,10,19134.4
Rent,339127,Company,Yes,194I,10,33912.7
Salary,39220,Employee,Yes,192,20,7844.0
Salary,146595,Employee,No,192,20,29319.0
Interest,490182,Company,No,194A,20,98036.4
Contractor,432799,Individual,Yes,194C,2,8655.98
Rent,267412,Company,Yes,194I,10,26741.2
Interest,161315,Individual,No,194A,20,32263.0
Salary,452417,Employee,No,192,20,90483.4
Rent,39186,Company,No,194I,20,7837.2
Professional,464180,Company,Yes,194J,10,46418.0
Interest,111126,Individual,No,194A,20,22225.2
Salary,495824,Employee,No,192,20,99164.8
Contractor,231557,Company,Yes,194C,2,4631.14
Salary,366795,Employee,Yes,192,10,36679.5
Professional,31035,Individual,Yes,194J,10,3103.5
Professional,297522,Company,Yes,194J,10,29752.2
Professional,346196,Individual,No,194J,20,69239.2
Rent,121508,Individual,No,194I,20,24301.6
Salary,446778,Employee,No,192,20,89355.6
Salary,486485,Employee,Yes,192,20,97297.0
Professional,52725,Individual,No,194J,20,10545.0
Contractor,118664,Individual,No,194C,20,23732.8
Salary,319931,Employee,No,192,20,63986.2
Rent,156444,Company,No,194I,20,31288.8
Interest,409086,Individual,Yes,194A,10,40908.6
Contractor,413012,Company,No,194C,20,82602.4
Contractor,122690,Company,Yes,194C,1,1226.9
Interest,66766,Company,No,194A,20,13353.2
Interest,274127,Company,No,194A,20,54825.4
Contractor,105851,Individual,Yes,194C,2,2117.02
Rent,86735,Individual,No,194I,20,17347.0
Professional,320103,Company,Yes,194J,10,32010.3
Professional,399869,Company,Yes,194J,10,39986.9
Contractor,260813,Company,No,194C,20,52162.6
Interest,256309,Individual,Yes,194A,10,25630.9
Salary,45318,Employee,No,192,20,9063.6
Professional,498789,Individual,No,194J,20,99757.8
Professional,492364,Individual,Yes,194J,10,49236.4
Professional,366871,Company,No,194J,20,73374.2
Contractor,281152,Company,Yes,194C,1,2811.52
Interest,414855,Company,No,194A,20,82971.0
Contractor,129149,Individual,No,194C,20,25829.8
Rent,87864,Company,No,194I,20,17572.8
Salary,111705,Employee,Yes,192,5,5585.25
Professional,159861,Individual,No,194J,20,31972.2
Salary,393219,Employee,No,192,20,78643.8
Salary,163731,Employee,No,192,20,32746.2
Professional,408825,Individual,No,194J,20,81765.0
Interest,327360,Individual,Yes,194A,10,32736.0
Salary,35080,Employee,No,192,20,7016.0
Professional,388726,Company,Yes,194J,10,38872.6
Rent,396121,Individual,No,194I,20,79224.2
Rent,76585,Company,Yes,194I,10,7658.5
Salary,431872,Employee,Yes,192,10,43187.2
Interest,209126,Company,No,194A,20,41825.2
Contractor,297926,Individual,Yes,194C,1,2979.26
Rent,183750,Company,Yes,194I,10,18375.0
Professional,63978,Company,No,194J,20,12795.6
Professional,214581,Individual,No,194J,20,42916.2
Contractor,259024,Company,No,194C,20,51804.8
Interest,307437,Individual,Yes,194A,10,30743.7
Salary,279763,Employee,Yes,192,20,55952.6
Contractor,253637,Individual,Yes,194C,2,5072.74
Contractor,177565,Individual,No,194C,20,35513.0
Contractor,430115,Individual,Yes,194C,1,4301.15
Salary,292021,Employee,No,192,20,58404.2
Contractor,147214,Individual,No,194C,20,29442.8
Professional,151651,Individual,Yes,194J,10,15165.1
Interest,85343,Individual,Yes,194A,10,8534.3
Salary,147766,Employee,No,192,20,29553.2
Contractor,412496,Individual,No,194C,20,82499.2
Salary,309536,Employee,No,192,20,61907.2
Professional,223738,Company,No,194J,20,44747.6
Salary,57333,Employee,Yes,192,30,17199.9
Contractor,73024,Individual,Yes,194C,2,1460.48
Salary,168030,Employee,Yes,192,30,50409.0
Rent,134326,Individual,Yes,194I,10,13432.6
Interest,159786,Company,Yes,194A,10,15978.6
Contractor,152125,Individual,Yes,194C,1,1521.25
Interest,184928,Individual,No,194A,20,36985.6
Professional,203851,Company,No,194J,20,40770.2
Contractor,328359,Company,No,194C,20,65671.8
Professional,492265,Company,No,194J,20,98453.0
Interest,163314,Company,Yes,194A,10,16331.4
Professional,35388,Company,No,194J,20,7077.6
Contractor,402017,Company,Yes,194C,1,4020.17
Interest,352093,Company,Yes,194A,10,35209.3
Interest,346010,Company,No,194A,20,69202.0
Professional,40849,Company,No,194J,20,8169.8
Rent,236109,Individual,No,194I,20,47221.8
Professional,38853,Individual,No,194J,20,7770.6
Professional,341859,Company,Yes,194J,10,34185.9
Interest,156370,Individual,Yes,194A,10,15637.0
Interest,467697,Company,No,194A,20,93539.4
Professional,367172,Individual,No,194J,20,73434.4
Contractor,123925,Company,No,194C,20,24785.0
Interest,444852,Company,Yes,194A,10,44485.2
Professional,361942,Individual,No,194J,20,72388.4
Interest,115737,Company,Yes,194A,10,11573.7
Professional,471402,Company,No,194J,20,94280.4
Rent,20555,Individual,Yes,194I,10,2055.5
Salary,328906,Employee,Yes,192,20,65781.2
Professional,372219,Company,Yes,194J,10,37221.9
Contractor,206668,Individual,Yes,194C,2,4133.36
Professional,102145,Company,No,194J,20,20429.0
Salary,187172,Employee,No,192,20,37434.4
Rent,242239,Company,Yes,194I,10,24223.9
Salary,239809,Employee,Yes,192,20,47961.8
Interest,442644,Company,Yes,194A,10,44264.4
Salary,290546,Employee,No,192,20,58109.2
Rent,372481,Company,No,194I,20,74496.2
Interest,149212,Company,No,194A,20,29842.4
Salary,301688,Employee,No,192,20,60337.6
Professional,212503,Company,No,194J,20,42500.6
Interest,115103,Company,No,194A,20,23020.6
Professional,389872,Individual,Yes,194J,10,38987.2
Interest,309922,Individual,Yes,194A,10,30992.2
Contractor,203608,Company,No,194C,20,40721.6
Contractor,378581,Company,Yes,194C,2,7571.62
Salary,292279,Employee,Yes,192,5,14613.95
Interest,303944,Individual,No,194A,20,60788.8
Contractor,483305,Company,Yes,194C,1,4833.05
Salary,242189,Employee,No,192,20,48437.8
Rent,23749,Individual,No,194I,20,4749.8
Rent,151874,Individual,Yes,194I,10,15187.4
Rent,287689,Individual,Yes,194I,10,28768.9
Professional,198748,Individual,Yes,194J,10,19874.8
Salary,442455,Employee,No,192,20,88491.0
Interest,109478,Individual,Yes,194A,10,10947.8
Rent,365427,Company,Yes,194I,10,36542.7
Professional,162986,Individual,Yes,194J,10,16298.6
Professional,467957,Company,No,194J,20,93591.4
Professional,377306,Company,No,194J,20,75461.2
Salary,94812,Employee,Yes,192,5,4740.6
Professional,226566,Individual,Yes,194J,10,22656.6
Professional,220477,Individual,No,194J,20,44095.4
Rent,65498,Individual,No,194I,20,13099.6
Interest,344728,Company,Yes,194A,10,34472.8
Rent,149515,Individual,Yes,194I,10,14951.5
Salary,78700,Employee,No,192,20,15740.0
Professional,69310,Company,Yes,194J,10,6931.0
Professional,136591,Company,No,194J,20,27318.2
Salary,139912,Employee,Yes,192,5,6995.6
Interest,85062,Individual,No,194A,20,17012.4
Salary,280141,Employee,Yes,192,20,56028.2
Contractor,384873,Individual,Yes,194C,1,3848.73
Interest,426228,Individual,Yes,194A,10,42622.8
Professional,341369,Individual,Yes,194J,10,34136.9
Contractor,187305,Company,No,194C,20,37461.0
Salary,77147,Employee,Yes,192,10,7714.7
Professional,232030,Individual,No,194J,20,46406.0
Contractor,62052,Company,No,194C,20,12410.4
Professional,453708,Company,Yes,194J,10,45370.8
Professional,262723,Company,No,194J,20,52544.6
Contractor,163394,Individual,No,194C,20,32678.8
Salary,211678,Employee,No,192,20,42335.6
Contractor,488648,Individual,Yes,194C,1,4886.48
Interest,104195,Company,No,194A,20,20839.0
Contractor,124352,Company,No,194C,20,24870.4
Interest,380384,Individual,No,194A,20,76076.8
Salary,93531,Employee,Yes,192,5,4676.55
Interest,387367,Company,Yes,194A,10,38736.7
Rent,50140,Company,Yes,194I,10,5014.0
Contractor,152382,Company,No,194C,20,30476.4
Salary,417803,Employee,Yes,192,30,125340.9
Contractor,483290,Company,No,194C,20,96658.0
Contractor,149778,Individual,No,194C,20,29955.6
Contractor,280098,Individual,Yes,194C,1,2800.98
Rent,78423,Individual,Yes,194I,10,7842.3
Rent,272214,Company,Yes,194I,10,27221.4
Salary,76254,Employee,Yes,192,20,15250.8
Rent,172764,Company,Yes,194I,10,17276.4
Contractor,248944,Company,No,194C,20,49788.8
Rent,489342,Individual,No,194I,20,97868.4
Interest,395736,Individual,Yes,194A,10,39573.6
Professional,294521,Individual,No,194J,20,58904.2
Rent,453754,Individual,No,194I,20,90750.8
Interest,198789,Company,No,194A,20,39757.8
Contractor,141041,Company,No,194C,20,28208.2
Interest,407345,Individual,No,194A,20,81469.0
Contractor,149329,Individual,No,194C,20,29865.8
Contractor,234700,Company,No,194C,20,46940.0
Rent,67887,Individual,Yes,194I,10,6788.7
Salary,198055,Employee,No,192,20,39611.0
Interest,142922,Individual,Yes,194A,10,14292.2
Interest,313152,Individual,Yes,194A,10,31315.2
Contractor,274497,Company,Yes,194C,2,5489.94
Professional,416996,Individual,No,194J,20,83399.2
Contractor,132753,Individual,No,194C,20,26550.6
Salary,97137,Employee,Yes,192,20,19427.4
Interest,374133,Individual,No,194A,20,74826.6
Interest,24357,Company,Yes,194A,10,2435.7
Contractor,316583,Individual,Yes,194C,1,3165.83
Contractor,169858,Company,Yes,194C,1,1698.58
Professional,355308,Company,Yes,194J,10,35530.8
Contractor,389052,Individual,Yes,194C,2,7781.04
Professional,129401,Company,No,194J,20,25880.2
Contractor,346248,Individual,No,194C,20,69249.6
Salary,288721,Employee,No,192,20,57744.2
Contractor,299582,Company,No,194C,20,59916.4
Contractor,112053,Company,Yes,194C,2,2241.06
Interest,292146,Company,No,194A,20,58429.2
Rent,119009,Individual,No,194I,20,23801.8
Contractor,206933,Company,Yes,194C,1,2069.33
Interest,293645,Individual,Yes,194A,10,29364.5
Rent,228208,Individual,No,194I,20,45641.6
Salary,120998,Employee,No,192,20,24199.6
Interest,466025,Company,Yes,194A,10,46602.5
Salary,351735,Employee,Yes,192,30,105520.5
Professional,480461,Company,No,194J,20,96092.2
Interest,406795,Company,No,194A,20,81359.0
Rent,221406,Company,Yes,194I,10,22140.6
Rent,383276,Company,No,194I,20,76655.2
Professional,45754,Individual,Yes,194J,10,4575.4
Contractor,289462,Individual,Yes,194C,2,5789.24
Interest,109957,Individual,Yes,194A,10,10995.7
Contractor,249853,Individual,Yes,194C,2,4997.06
Salary,108995,Employee,No,192,20,21799.0
Salary,412918,Employee,Yes,192,20,82583.6
Interest,257862,Individual,Yes,194A,10,25786.2
Professional,235693,Individual,No,194J,20,47138.6
Contractor,413106,Individual,No,194C,20,82621.2
Professional,245737,Individual,No,194J,20,49147.4
Interest,206422,Individual,No,194A,20,41284.4
Salary,372838,Employee,No,192,20,74567.6
Salary,369575,Employee,Yes,192,30,110872.5
Salary,41677,Employee,Yes,192,30,12503.1
Rent,101085,Company,No,194I,20,20217.0
Rent,220613,Individual,Yes,194I,10,22061.3
Professional,364532,Individual,Yes,194J,10,36453.2
Contractor,491410,Individual,Yes,194C,2,9828.2
Salary,148927,Employee,No,192,20,29785.4
Interest,405016,Individual,Yes,194A,10,40501.6
Salary,413601,Employee,Yes,192,5,20680.05
Interest,158450,Company,No,194A,20,31690.0
Rent,356567,Company,Yes,194I,10,35656.7
Rent,430182,Individual,Yes,194I,10,43018.2
Salary,201595,Employee,Yes,192,20,40319.0
Rent,265657,Company,No,194I,20,53131.4
Rent,366819,Company,No,194I,20,73363.8
Rent,153152,Individual,Yes,194I,10,15315.2
Contractor,362955,Individual,Yes,194C,1,3629.55
Salary,127004,Employee,Yes,192,10,12700.4
Professional,498810,Individual,No,194J,20,99762.0
Rent,461122,Company,No,194I,20,92224.4
Rent,328148,Individual,No,194I,20,65629.6
Interest,204149,Company,Yes,194A,10,20414.9
Contractor,145463,Company,Yes,194C,1,1454.63
Rent,227749,Company,Yes,194I,10,22774.9
Rent,144498,Individual,No,194I,20,28899.6
Interest,114975,Company,No,194A,20,22995.0
Interest,226445,Company,No,194A,20,45289.0
Interest,334775,Individual,Yes,194A,10,33477.5
Salary,442767,Employee,Yes,192,30,132830.1
Contractor,215926,Company,No,194C,20,43185.2
Interest,324360,Company,Yes,194A,10,32436.0
Contractor,90314,Company,No,194C,20,18062.8
Rent,211808,Individual,Yes,194I,10,21180.8
Contractor,93011,Individual,Yes,194C,1,930.11
Salary,335353,Employee,No,192,20,67070.6
Interest,85164,Company,No,194A,20,17032.8
Interest,158942,Company,No,194A,20,31788.4
Contractor,158698,Individual,Yes,194C,1,1586.98
Interest,313398,Individual,Yes,194A,10,31339.8
Salary,488396,Employee,No,192,20,97679.2
Contractor,380089,Company,Yes,194C,1,3800.89
Rent,496049,Individual,No,194I,20,99209.8
Interest,394046,Individual,No,194A,20,78809.2
Interest,281572,Individual,Yes,194A,10,28157.2
Rent,163250,Individual,No,194I,20,32650.0
Rent,395688,Individual,No,194I,20,79137.6
Rent,79239,Individual,Yes,194I,10,7923.9
Contractor,192238,Company,No,194C,20,38447.6
Contractor,201897,Individual,No,194C,20,40379.4
Rent,105096,Company,No,194I,20,21019.2
Salary,445871,Employee,Yes,192,30,133761.3
Contractor,456468,Individual,Yes,194C,2,9129.36
Rent,234150,Company,No,194I,20,46830.0
Contractor,71808,Company,Yes,194C,2,1436.16
Contractor,335273,Individual,Yes,194C,1,3352.73
Contractor,122809,Individual,No,194C,20,24561.8
Professional,336287,Company,No,194J,20,67257.4
Salary,274925,Employee,Yes,192,10,27492.5
Contractor,345088,Individual,Yes,194C,1,3450.88
Professional,418668,Individual,No,194J,20,83733.6
Interest,93972,Individual,No,194A,20,18794.4
Rent,443452,Company,Yes,194I,10,44345.2
Contractor,140411,Company,No,194C,20,28082.2
Interest,182459,Company,No,194A,20,36491.8
Interest,321973,Company,No,194A,20,64394.6
Contractor,276183,Company,Yes,194C,1,2761.83
Contractor,481992,Company,Yes,194C,2,9639.84
Rent,85734,Individual,No,194I,20,17146.8
Interest,93113,Company,No,194A,20,18622.6
Rent,51883,Company,No,194I,20,10376.6
Professional,246477,Individual,No,194J,20,49295.4
Professional,402868,Company,No,194J,20,80573.6
Rent,228770,Individual,No,194I,20,45754.0
Rent,430916,Individual,No,194I,20,86183.2
Professional,417707,Individual,Yes,194J,10,41770.7
Contractor,493357,Individual,No,194C,20,98671.4
Interest,444247,Individual,Yes,194A,10,44424.7
Professional,494872,Individual,No,194J,20,98974.4
Contractor,152616,Company,No,194C,20,30523.2
Salary,123366,Employee,Yes,192,5,6168.3
Interest,45871,Company,No,194A,20,9174.2
Salary,268490,Employee,No,192,20,53698.0
Contractor,193618,Individual,Yes,194C,2,3872.36
Salary,102903,Employee,No,192,20,20580.6
Contractor,289886,Company,Yes,194C,2,5797.72
Salary,325498,Employee,No,192,20,65099.6
Rent,213945,Individual,No,194I,20,42789.0
Interest,150635,Individual,Yes,194A,10,15063.5
Interest,42010,Company,No,194A,20,8402.0
Professional,218113,Individual,No,194J,20,43622.6
Salary,20804,Employee,Yes,192,30,6241.2
Interest,191786,Company,No,194A,20,38357.2
Contractor,37655,Individual,No,194C,20,7531.0
Salary,237410,Employee,Yes,192,10,23741.0
Salary,59812,Employee,No,192,20,11962.4
Rent,221404,Company,Yes,194I,10,22140.4
Interest,363688,Company,No,194A,20,72737.6
Salary,88055,Employee,No,192,20,17611.0
Rent,386671,Individual,No,194I,20,77334.2
Professional,222421,Individual,No,194J,20,44484.2
Salary,337338,Employee,Yes,192,10,33733.8
Interest,425721,Individual,Yes,194A,10,42572.1
Interest,315705,Individual,No,194A,20,63141.0
Interest,238208,Individual,Yes,194A,10,23820.8
Salary,371894,Employee,Yes,192,30,111568.2
Professional,401510,Company,Yes,194J,10,40151.0
Contractor,74760,Company,Yes,194C,2,1495.2
Rent,242084,Company,Yes,194I,10,24208.4
Interest,419133,Company,No,194A,20,83826.6
Professional,255444,Individual,No,194J,20,51088.8
Rent,243242,Individual,No,194I,20,48648.4
Rent,259295,Company,Yes,194I,10,25929.5
Salary,258836,Employee,No,192,20,51767.2
Professional,424862,Individual,No,194J,20,84972.4
Contractor,438933,Individual,Yes,194C,1,4389.33
Salary,330402,Employee,No,192,20,66080.4
Rent,243445,Company,No,194I,20,48689.0
Contractor,302443,Company,No,194C,20,60488.6
Professional,104903,Individual,No,194J,20,20980.6
Contractor,230156,Company,Yes,194C,2,4603.12
Rent,73382,Company,No,194I,20,14676.4
Salary,43782,Employee,Yes,192,10,4378.2
Salary,204014,Employee,Yes,192,5,10200.7
Professional,499788,Individual,Yes,194J,10,49978.8
Rent,160416,Company,Yes,194I,10,16041.6
Interest,220310,Company,Yes,194A,10,22031.0
Interest,204989,Individual,No,194A,20,40997.8
Salary,201341,Employee,Yes,192,30,60402.3
Interest,387562,Individual,Yes,194A,10,38756.2
Interest,437696,Individual,No,194A,20,87539.2
Rent,223788,Individual,No,194I,20,44757.6
Interest,331355,Individual,Yes,194A,10,33135.5
Interest,360018,Company,Yes,194A,10,36001.8
Salary,82208,Employee,No,192,20,16441.6
Contractor,298323,Individual,Yes,194C,2,5966.46
Salary,123781,Employee,Yes,192,30,37134.3
Rent,53706,Individual,No,194I,20,10741.2
Contractor,202023,Company,Yes,194C,1,2020.23
Interest,29539,Individual,No,194A,20,5907.8
Rent,240299,Individual,No,194I,20,48059.8
Interest,398314,Individual,No,194A,20,79662.8
Salary,387245,Employee,Yes,192,10,38724.5
Salary,186370,Employee,No,192,20,37274.0
Salary,475103,Employee,No,192,20,95020.6
Salary,58844,Employee,No,192,20,11768.8
Contractor,158632,Individual,No,194C,20,31726.4
Salary,344850,Employee,No,192,20,68970.0
Professional,243769,Company,No,194J,20,48753.8
Professional,55816,Company,Yes,194J,10,5581.6
Interest,309950,Individual,No,194A,20,61990.0
Professional,431379,Company,Yes,194J,10,43137.9
Contractor,357192,Company,No,194C,20,71438.4
Professional,177666,Company,Yes,194J,10,17766.6
Interest,337542,Company,No,194A,20,67508.4
Rent,295300,Company,No,194I,20,59060.0
Interest,258177,Individual,Yes,194A,10,25817.7
Contractor,455930,Individual,Yes,194C,1,4559.3
Interest,448179,Company,Yes,194A,10,44817.9
Salary,426539,Employee,No,192,20,85307.8
Interest,44012,Company,No,194A,20,8802.4
Professional,38328,Individual,No,194J,20,7665.6
Professional,22817,Company,Yes,194J,10,2281.7
Interest,336193,Company,No,194A,20,67238.6
Rent,344147,Individual,No,194I,20,68829.4
Salary,245930,Employee,Yes,192,30,73779.0
Salary,383507,Employee,Yes,192,30,115052.1
Interest,129269,Individual,No,194A,20,25853.8
Rent,343373,Company,No,194I,20,68674.6
Contractor,386528,Individual,Yes,194C,1,3865.28
Contractor,128767,Company,No,194C,20,25753.4
Interest,486834,Individual,No,194A,20,97366.8
Contractor,110527,Individual,No,194C,20,22105.4
Interest,399129,Individual,No,194A,20,79825.8
Salary,272540,Employee,Yes,192,30,81762.0
Interest,38725,Individual,Yes,194A,10,3872.5
Professional,273537,Company,Yes,194J,10,27353.7
Salary,311949,Employee,Yes,192,20,62389.8
Interest,234438,Individual,No,194A,20,46887.6
Interest,71801,Company,No,194A,20,14360.2
Interest,100042,Individual,No,194A,20,20008.4
Professional,456290,Individual,Yes,194J,10,45629.0
Interest,241827,Individual,Yes,194A,10,24182.7
Rent,228313,Company,Yes,194I,10,22831.3
Professional,52128,Individual,No,194J,20,10425.6
Professional,495519,Company,Yes,194J,10,49551.9
Rent,196764,Individual,Yes,194I,10,19676.4
Professional,267204,Individual,No,194J,20,53440.8
Rent,337034,Company,Yes,194I,10,33703.4
Interest,190938,Company,No,194A,20,38187.6
Rent,104230,Individual,Yes,194I,10,10423.0
Contractor,285026,Individual,No,194C,20,57005.2
Contractor,44644,Individual,Yes,194C,2,892.88
Contractor,113836,Individual,Yes,194C,1,1138.36
Interest,46351,Company,No,194A,20,9270.2
Rent,494135,Individual,No,194I,20,98827.0
Rent,427231,Individual,No,194I,20,85446.2
Salary,74245,Employee,No,192,20,14849.0
Contractor,146152,Individual,Yes,194C,1,1461.52
Interest,498776,Individual,Yes,194A,10,49877.6
Rent,381852,Individual,Yes,194I,10,38185.2
Interest,89013,Company,Yes,194A,10,8901.3
Professional,143104,Individual,No,194J,20,28620.8
Salary,278511,Employee,No,192,20,55702.2
Interest,324541,Individual,No,194A,20,64908.2
Contractor,63544,Company,No,194C,20,12708.8
Salary,52804,Employee,Yes,192,5,2640.2
Professional,253136,Individual,Yes,194J,10,25313.6
Salary,349415,Employee,Yes,192,5,17470.75
Contractor,380025,Company,No,194C,20,76005.0
Rent,427137,Company,Yes,194I,10,42713.7
Professional,332567,Individual,Yes,194J,10,33256.7
Professional,359004,Company,Yes,194J,10,35900.4
Interest,234875,Company,Yes,194A,10,23487.5
Contractor,157271,Company,Yes,194C,2,3145.42
Salary,257061,Employee,Yes,192,30,77118.3
Contractor,231088,Company,Yes,194C,1,2310.88
Contractor,295572,Company,Yes,194C,1,2955.72
Salary,111601,Employee,Yes,192,30,33480.3
Contractor,338965,Individual,No,194C,20,67793.0
Rent,78348,Individual,No,194I,20,15669.6
Professional,263931,Individual,No,194J,20,52786.2
Professional,462082,Individual,Yes,194J,10,46208.2
Rent,301013,Company,Yes,194I,10,30101.3
Salary,29863,Employee,Yes,192,30,8958.9
Professional,111926,Company,No,194J,20,22385.2
Salary,169370,Employee,No,192,20,33874.0
Salary,66192,Employee,Yes,192,10,6619.2
Professional,381050,Individual,No,194J,20,76210.0
Professional,176917,Individual,No,194J,20,35383.4
Rent,194007,Individual,No,194I,20,38801.4
Salary,168815,Employee,No,192,20,33763.0
Rent,439157,Individual,Yes,194I,10,43915.7
Professional,226470,Company,No,194J,20,45294.0
Contractor,428254,Company,No,194C,20,85650.8
Rent,423168,Company,Yes,194I,10,42316.8
Salary,310372,Employee,Yes,192,30,93111.6
Salary,155632,Employee,No,192,20,31126.4
Salary,422867,Employee,No,192,20,84573.4
Professional,127374,Individual,No,194J,20,25474.8
Rent,441070,Individual,Yes,194I,10,44107.0
Contractor,31372,Individual,No,194C,20,6274.4
Contractor,96177,Individual,No,194C,20,19235.4
Salary,431377,Employee,Yes,192,5,21568.85
Rent,388290,Company,No,194I,20,77658.0
Contractor,267695,Individual,Yes,194C,1,2676.95
Interest,323733,Individual,No,194A,20,64746.6
Contractor,499199,Individual,No,194C,20,99839.8
Contractor,405641,Individual,No,194C,20,81128.2
Rent,77539,Company,Yes,194I,10,7753.9
Contractor,145234,Company,No,194C,20,29046.8
Rent,350975,Individual,Yes,194I,10,35097.5
Professional,271905,Individual,No,194J,20,54381.0
Salary,309033,Employee,No,192,20,61806.6
Interest,78734,Individual,Yes,194A,10,7873.4
Salary,292932,Employee,No,192,20,58586.4
Interest,319834,Company,Yes,194A,10,31983.4
Salary,354402,Employee,No,192,20,70880.4
Professional,170508,Individual,No,194J,20,34101.6
Interest,335063,Company,No,194A,20,67012.6
Contractor,220438,Individual,No,194C,20,44087.6
Professional,235043,Individual,Yes,194J,10,23504.3
Contractor,146709,Company,No,194C,20,29341.8
Professional,456291,Company,No,194J,20,91258.2
Professional,274584,Individual,Yes,194J,10,27458.4
Contractor,239717,Company,No,194C,20,47943.4
Salary,387018,Employee,No,192,20,77403.6
Professional,199954,Company,No,194J,20,39990.8
Professional,334694,Company,Yes,194J,10,33469.4
Contractor,400880,Individual,Yes,194C,2,8017.6
Interest,466907,Individual,Yes,194A,10,46690.7
Interest,378999,Company,No,194A,20,75799.8
Professional,402076,Company,No,194J,20,80415.2
Salary,360300,Employee,No,192,20,72060.0
Rent,149554,Company,Yes,194I,10,14955.4
Rent,288378,Company,No,194I,20,57675.6
Interest,316167,Individual,No,194A,20,63233.4
Professional,325582,Company,No,194J,20,65116.4
Interest,156133,Individual,No,194A,20,31226.6
Rent,197374,Company,No,194I,20,39474.8
Interest,212377,Company,Yes,194A,10,21237.7
Interest,281778,Company,Yes,194A,10,28177.8
Professional,182271,Individual,No,194J,20,36454.2
Professional,491134,Individual,No,194J,20,98226.8
Contractor,197719,Individual,Yes,194C,1,1977.19
Salary,104625,Employee,Yes,192,5,5231.25
Professional,183378,Company,No,194J,20,36675.6
Salary,443354,Employee,Yes,192,30,133006.2
Professional,402023,Individual,Yes,194J,10,40202.3
Professional,145301,Individual,Yes,194J,10,14530.1
Professional,37273,Individual,No,194J,20,7454.6
Interest,116406,Company,Yes,194A,10,11640.6
Salary,58158,Employee,Yes,192,30,17447.4
Interest,260769,Individual,No,194A,20,52153.8
Contractor,44510,Company,No,194C,20,8902.0
Interest,166137,Company,Yes,194A,10,16613.7
Rent,306858,Individual,No,194I,20,61371.6
Interest,210025,Company,Yes,194A,10,21002.5
Professional,281923,Company,No,194J,20,56384.6
Salary,407769,Employee,Yes,192,10,40776.9
Interest,397161,Company,Yes,194A,10,39716.1
Professional,374263,Company,No,194J,20,74852.6
Professional,491858,Company,No,194J,20,98371.6
Salary,191763,Employee,No,192,20,38352.6
Contractor,275338,Individual,No,194C,20,55067.6
Professional,145539,Company,Yes,194J,10,14553.9
Interest,353359,Company,No,194A,20,70671.8
Professional,366317,Individual,Yes,194J,10,36631.7
Contractor,90993,Company,No,194C,20,18198.6
Contractor,232167,Individual,Yes,194C,1,2321.67
Interest,103660,Individual,Yes,194A,10,10366.0
Rent,217366,Company,Yes,194I,10,21736.6
Contractor,302656,Company,Yes,194C,1,3026.56
Contractor,282849,Company,Yes,194C,2,5656.98
Salary,37947,Employee,Yes,192,30,11384.1
Rent,375650,Individual,Yes,194I,10,37565.0
Professional,33368,Company,Yes,194J,10,3336.8
Rent,81045,Company,Yes,194I,10,8104.5
Interest,452408,Company,No,194A,20,90481.6
Rent,244108,Individual,No,194I,20,48821.6
Interest,133012,Individual,Yes,194A,10,13301.2
Professional,298147,Company,No,194J,20,59629.4
Contractor,430079,Individual,Yes,194C,1,4300.79
Contractor,413583,Individual,No,194C,20,82716.6
Professional,254833,Individual,No,194J,20,50966.6
Professional,367909,Company,No,194J,20,73581.8
Interest,31634,Individual,Yes,194A,10,3163.4
Salary,94444,Employee,Yes,192,20,18888.8
Professional,404240,Company,Yes,194J,10,40424.0
Professional,493982,Individual,No,194J,20,98796.4
Contractor,20154,Company,No,194C,20,4030.8
Interest,57224,Individual,No,194A,20,11444.8
Contractor,328323,Individual,No,194C,20,65664.6
Contractor,129408,Individual,No,194C,20,25881.6
Salary,256118,Employee,Yes,192,10,25611.8
Salary,225147,Employee,Yes,192,20,45029.4
Rent,83466,Individual,No,194I,20,16693.2
Contractor,260934,Individual,Yes,194C,2,5218.68
Contractor,404618,Company,No,194C,20,80923.6
Contractor,177947,Company,Yes,194C,2,3558.94
Contractor,426058,Company,No,194C,20,85211.6
Professional,176103,Individual,Yes,194J,10,17610.3
Rent,446053,Individual,Yes,194I,10,44605.3
Professional,204474,Individual,No,194J,20,40894.8
Salary,143302,Employee,Yes,192,5,7165.1
Professional,383958,Company,No,194J,20,76791.6
Rent,413470,Individual,No,194I,20,82694.0
Professional,327711,Company,No,194J,20,65542.2
Contractor,45160,Company,No,194C,20,9032.0
Contractor,319812,Individual,No,194C,20,63962.4
Professional,350493,Individual,No,194J,20,70098.6
Rent,456123,Company,Yes,194I,10,45612.3
Interest,109095,Company,Yes,194A,10,10909.5
Contractor,189443,Company,Yes,194C,1,1894.43
Professional,293545,Company,Yes,194J,10,29354.5
Professional,194174,Company,Yes,194J,10,19417.4
Professional,179843,Individual,Yes,194J,10,17984.3
Rent,309782,Individual,Yes,194I,10,30978.2
Salary,84132,Employee,No,192,20,16826.4
Professional,486802,Individual,Yes,194J,10,48680.2
Rent,106189,Individual,No,194I,20,21237.8
Professional,232122,Company,No,194J,20,46424.4
Professional,127002,Individual,No,194J,20,25400.4
Professional,296252,Company,No,194J,20,59250.4
Salary,28466,Employee,No,192,20,5693.2
Salary,311382,Employee,No,192,20,62276.4
Salary,48194,Employee,Yes,192,10,4819.4
Rent,320568,Individual,No,194I,20,64113.6
Professional,479657,Company,Yes,194J,10,47965.7
Rent,178421,Individual,Yes,194I,10,17842.1
Rent,103340,Individual,Yes,194I,10,10334.0
Salary,306301,Employee,Yes,192,10,30630.1
Rent,78722,Company,Yes,194I,10,7872.2
Interest,40853,Company,No,194A,20,8170.6
Rent,236006,Company,Yes,194I,10,23600.6
Contractor,65813,Company,No,194C,20,13162.6
Salary,231670,Employee,Yes,192,20,46334.0
Interest,449674,Individual,Yes,194A,10,44967.4
Rent,204308,Individual,No,194I,20,40861.6
Interest,246148,Individual,Yes,194A,10,24614.8
Professional,289361,Company,No,194J,20,57872.2
Interest,284997,Company,Yes,194A,10,28499.7
Interest,407826,Company,Yes,194A,10,40782.6
Salary,47853,Employee,No,192,20,9570.6
Professional,351503,Individual,Yes,194J,10,35150.3
Professional,93537,Company,Yes,194J,10,9353.7
Rent,451429,Company,No,194I,20,90285.8
Contractor,228043,Company,No,194C,20,45608.6
Contractor,155626,Company,No,194C,20,31125.2
Rent,124953,Company,Yes,194I,10,12495.3
Interest,313756,Company,No,194A,20,62751.2
Professional,58651,Individual,Yes,194J,10,5865.1
Rent,412504,Company,No,194I,20,82500.8
Salary,465989,Employee,No,192,20,93197.8
Salary,313073,Employee,No,192,20,62614.6
Contractor,204715,Individual,No,194C,20,40943.0
Rent,462229,Company,Yes,194I,10,46222.9
Contractor,464267,Company,No,194C,20,92853.4
Interest,248096,Company,Yes,194A,10,24809.6
Interest,153164,Individual,No,194A,20,30632.8
Contractor,81143,Company,No,194C,20,16228.6
Contractor,330448,Individual,Yes,194C,2,6608.96
Contractor,447918,Individual,Yes,194C,2,8958.36
Rent,202193,Company,Yes,194I,10,20219.3
Professional,53053,Individual,No,194J,20,10610.6
Salary,95565,Employee,No,192,20,19113.0
Rent,155917,Individual,Yes,194I,10,15591.7
Interest,366688,Individual,No,194A,20,73337.6
Interest,162560,Individual,No,194A,20,32512.0
Professional,197195,Company,No,194J,20,39439.0
Interest,311367,Individual,Yes,194A,10,31136.7
Contractor,52065,Individual,Yes,194C,1,520.65
Salary,25585,Employee,No,192,20,5117.0
Contractor,69991,Individual,Yes,194C,2,1399.82
Contractor,359593,Company,No,194C,20,71918.6
Contractor,480135,Individual,Yes,194C,1,4801.35
Professional,86422,Company,Yes,194J,10,8642.2
Contractor,172164,Individual,No,194C,20,34432.8
Contractor,372547,Company,Yes,194C,1,3725.47
Contractor,223247,Individual,Yes,194C,1,2232.47
Contractor,337320,Company,Yes,194C,2,6746.4
Contractor,463882,Individual,No,194C,20,92776.4
Professional,185769,Company,Yes,194J,10,18576.9
Rent,477720,Individual,Yes,194I,10,47772.0
Rent,392867,Individual,Yes,194I,10,39286.7
Contractor,265425,Company,Yes,194C,2,5308.5
Salary,400188,Employee,Yes,192,10,40018.8
Interest,356694,Individual,Yes,194A,10,35669.4
Contractor,53766,Company,Yes,194C,2,1075.32
Professional,74972,Company,No,194J,20,14994.4
Rent,87628,Company,Yes,194I,10,8762.8
Rent,453643,Individual,Yes,194I,10,45364.3
Interest,208221,Individual,Yes,194A,10,20822.1
Salary,313201,Employee,Yes,192,20,62640.2
Salary,113822,Employee,No,192,20,22764.4
Interest,283404,Company,No,194A,20,56680.8
Rent,63010,Individual,No,194I,20,12602.0
Contractor,102399,Individual,Yes,194C,1,1023.99
Rent,430486,Individual,Yes,194I,10,43048.6
Interest,491056,Individual,No,194A,20,98211.2
Professional,80201,Individual,No,194J,20,16040.2
Rent,450088,Individual,No,194I,20,90017.6
Contractor,108166,Individual,No,194C,20,21633.2
Interest,117105,Individual,Yes,194A,10,11710.5
Professional,499831,Individual,No,194J,20,99966.2
Rent,306678,Individual,No,194I,20,61335.6
Professional,119608,Individual,Yes,194J,10,11960.8
Contractor,233689,Company,No,194C,20,46737.8
Contractor,347757,Individual,Yes,194C,1,3477.57
Contractor,77741,Individual,Yes,194C,1,777.41
Rent,274374,Individual,Yes,194I,10,27437.4
Interest,276770,Individual,No,194A,20,55354.0
Professional,28821,Individual,No,194J,20,5764.2
Professional,380906,Company,Yes,194J,10,38090.6
Rent,88235,Company,Yes,194I,10,8823.5
Salary,93533,Employee,Yes,192,10,9353.3
Salary,292810,Employee,Yes,192,10,29281.0
Professional,49905,Individual,No,194J,20,9981.0
Contractor,438773,Company,Yes,194C,1,4387.73
Salary,388302,Employee,No,192,20,77660.4
Salary,371331,Employee,Yes,192,5,18566.55
Rent,320009,Individual,No,194I,20,64001.8
Rent,351045,Individual,Yes,194I,10,35104.5
Professional,264924,Company,No,194J,20,52984.8
Contractor,438860,Company,Yes,194C,2,8777.2
Salary,91336,Employee,No,192,20,18267.2
Contractor,259873,Company,Yes,194C,2,5197.46
Rent,321581,Individual,Yes,194I,10,32158.1
Professional,447282,Individual,No,194J,20,89456.4
Professional,432877,Company,Yes,194J,10,43287.7
Professional,330759,Individual,Yes,194J,10,33075.9
Professional,143660,Individual,Yes,194J,10,14366.0
Rent,477939,Individual,No,194I,20,95587.8
Rent,90419,Company,No,194I,20,18083.8
Contractor,490557,Company,No,194C,20,98111.4
Interest,327827,Individual,No,194A,20,65565.4
Salary,235975,Employee,Yes,192,20,47195.0
Professional,162433,Company,No,194J,20,32486.6
Interest,326950,Individual,No,194A,20,65390.0
Professional,371606,Individual,Yes,194J,10,37160.6
Rent,203751,Individual,No,194I,20,40750.2
Interest,386464,Company,Yes,194A,10,38646.4
Interest,203030,Individual,No,194A,20,40606.0
Rent,415379,Individual,Yes,194I,10,41537.9
Interest,139107,Individual,No,194A,20,27821.4
Rent,30936,Individual,Yes,194I,10,3093.6
Rent,283637,Company,Yes,194I,10,28363.7
Contractor,95756,Individual,Yes,194C,1,957.56
Interest,489933,Individual,Yes,194A,10,48993.3
Professional,198011,Individual,Yes,194J,10,19801.1
Contractor,49294,Individual,No,194C,20,9858.8
Rent,460483,Company,No,194I,20,92096.6
Salary,233577,Employee,Yes,192,5,11678.85
Salary,209758,Employee,Yes,192,5,10487.9
Contractor,103835,Individual,No,194C,20,20767.0
Professional,261108,Individual,Yes,194J,10,26110.8
Professional,213093,Individual,No,194J,20,42618.6
Rent,419411,Individual,No,194I,20,83882.2
Salary,277068,Employee,Yes,192,30,83120.4
Salary,307915,Employee,Yes,192,20,61583.0
Salary,26175,Employee,Yes,192,5,1308.75
Rent,240866,Company,Yes,194I,10,24086.6
Contractor,120107,Company,Yes,194C,2,2402.14
Interest,344656,Individual,No,194A,20,68931.2
Professional,21209,Individual,No,194J,20,4241.8
Professional,117727,Company,Yes,194J,10,11772.7
Contractor,212980,Company,No,194C,20,42596.0
Contractor,406382,Individual,Yes,194C,2,8127.64
Salary,233573,Employee,No,192,20,46714.6
Interest,86171,Company,No,194A,20,17234.2
Rent,137087,Company,Yes,194I,10,13708.7
Contractor,37590,Individual,Yes,194C,1,375.9
Interest,229201,Company,Yes,194A,10,22920.1
Salary,222243,Employee,Yes,192,30,66672.9
Rent,147865,Individual,Yes,194I,10,14786.5
Interest,445223,Individual,Yes,194A,10,44522.3
Rent,219834,Company,No,194I,20,43966.8
Professional,297148,Company,Yes,194J,10,29714.8
Professional,467570,Individual,Yes,194J,10,46757.0
Contractor,64926,Company,No,194C,20,12985.2
Professional,414102,Company,Yes,194J,10,41410.2
Professional,449710,Company,No,194J,20,89942.0
Salary,190537,Employee,Yes,192,5,9526.85
Salary,190635,Employee,No,192,20,38127.0
Rent,213556,Individual,No,194I,20,42711.2
Contractor,267629,Individual,Yes,194C,1,2676.29
Salary,308434,Employee,No,192,20,61686.8
Contractor,294801,Company,Yes,194C,2,5896.02
Rent,451585,Individual,Yes,194I,10,45158.5
Contractor,271427,Company,Yes,194C,1,2714.27
Contractor,309396,Company,No,194C,20,61879.2
Interest,128274,Individual,Yes,194A,10,12827.4
Professional,417126,Company,Yes,194J,10,41712.6
Rent,128533,Company,Yes,194I,10,12853.3
Contractor,486540,Company,No,194C,20,97308.0
Rent,291418,Company,Yes,194I,10,29141.8
Salary,249357,Employee,Yes,192,30,74807.1
Professional,177535,Company,Yes,194J,10,17753.5
Salary,338431,Employee,No,192,20,67686.2
Rent,408218,Individual,No,194I,20,81643.6
Professional,422995,Company,Yes,194J,10,42299.5
Contractor,280119,Individual,No,194C,20,56023.8
Salary,323202,Employee,Yes,192,10,32320.2
Rent,306155,Company,Yes,194I,10,30615.5
Rent,292993,Individual,Yes,194I,10,29299.3
Rent,130230,Company,No,194I,20,26046.0
Rent,212692,Individual,Yes,194I,10,21269.2
Salary,249770,Employee,Yes,192,20,49954.0
Rent,367248,Individual,No,194I,20,73449.6
Rent,233340,Company,Yes,194I,10,23334.0
Salary,380462,Employee,Yes,192,30,114138.6
Interest,170746,Individual,Yes,194A,10,17074.6
Rent,40684,Individual,Yes,194I,10,4068.4
Rent,69583,Individual,No,194I,20,13916.6
Professional,345781,Company,Yes,194J,10,34578.1
Salary,169839,Employee,No,192,20,33967.8
Salary,148937,Employee,No,192,20,29787.4
Rent,118238,Company,No,194I,20,23647.6
Interest,358392,Individual,Yes,194A,10,35839.2
Interest,459648,Individual,Yes,194A,10,45964.8
Contractor,25298,Company,No,194C,20,5059.6
Interest,186940,Individual,No,194A,20,37388.0
Salary,46325,Employee,Yes,192,10,4632.5
Interest,390962,Company,No,194A,20,78192.4
Interest,196199,Individual,No,194A,20,39239.8
Professional,80588,Company,Yes,194J,10,8058.8
Contractor,290488,Individual,No,194C,20,58097.6
Interest,98098,Individual,No,194A,20,19619.6
Interest,177388,Individual,Yes,194A,10,17738.8
Salary,127777,Employee,No,192,20,25555.4
Salary,218742,Employee,No,192,20,43748.4
Contractor,435864,Company,No,194C,20,87172.8
Salary,344366,Employee,Yes,192,20,68873.2
Professional,290290,Company,No,194J,20,58058.0
Contractor,239344,Individual,Yes,194C,2,4786.88
Rent,473492,Individual,No,194I,20,94698.4
Interest,334011,Individual,Yes,194A,10,33401.1
Contractor,363007,Company,No,194C,20,72601.4
Rent,169606,Individual,Yes,194I,10,16960.6
Rent,386589,Individual,Yes,194I,10,38658.9
Contractor,492786,Individual,No,194C,20,98557.2
Salary,465932,Employee,Yes,192,20,93186.4
Interest,64855,Individual,Yes,194A,10,6485.5
Interest,239754,Individual,Yes,194A,10,23975.4
Rent,268178,Individual,No,194I,20,53635.6
Rent,38723,Individual,Yes,194I,10,3872.3
Contractor,144216,Individual,No,194C,20,28843.2
Interest,360623,Individual,No,194A,20,72124.6
Rent,468558,Company,No,194I,20,93711.6
Contractor,159811,Company,Yes,194C,2,3196.22
Professional,364438,Company,No,194J,20,72887.6
Rent,430387,Company,Yes,194I,10,43038.7
Contractor,172319,Individual,No,194C,20,34463.8
Rent,415749,Company,No,194I,20,83149.8
Professional,340421,Individual,No,194J,20,68084.2
Professional,465068,Individual,No,194J,20,93013.6
Contractor,247291,Company,No,194C,20,49458.2
Contractor,205049,Individual,No,194C,20,41009.8
Salary,480810,Employee,Yes,192,5,24040.5
Interest,165906,Individual,Yes,194A,10,16590.6
Interest,293382,Individual,No,194A,20,58676.4
Salary,142667,Employee,Yes,192,5,7133.35
Interest,299041,Individual,Yes,194A,10,29904.1
Professional,256878,Company,No,194J,20,51375.6
Rent,266464,Individual,Yes,194I,10,26646.4
Interest,312021,Individual,No,194A,20,62404.2
Interest,220086,Individual,No,194A,20,44017.2
Rent,274662,Company,Yes,194I,10,27466.2
Salary,276872,Employee,Yes,192,10,27687.2
Interest,63192,Individual,Yes,194A,10,6319.2
Professional,278818,Company,No,194J,20,55763.6
Salary,34379,Employee,Yes,192,20,6875.8
Rent,21905,Company,Yes,194I,10,2190.5
Rent,115263,Individual,Yes,194I,10,11526.3
Interest,363004,Individual,Yes,194A,10,36300.4
Salary,104657,Employee,No,192,20,20931.4
Rent,361654,Individual,No,194I,20,72330.8
Salary,395962,Employee,No,192,20,79192.4
Interest,440777,Company,No,194A,20,88155.4
Contractor,429712,Company,No,194C,20,85942.4
Salary,303399,Employee,Yes,192,10,30339.9
Contractor,129191,Company,No,194C,20,25838.2
Contractor,37750,Company,Yes,194C,2,755.0
Rent,455299,Company,Yes,194I,10,45529.9
Contractor,384006,Company,Yes,194C,1,3840.06
Rent,176914,Individual,Yes,194I,10,17691.4
Rent,462028,Individual,Yes,194I,10,46202.8
Rent,333717,Company,No,194I,20,66743.4
Professional,434744,Individual,No,194J,20,86948.8
Rent,43398,Company,Yes,194I,10,4339.8
Interest,472218,Individual,Yes,194A,10,47221.8
Interest,487259,Company,Yes,194A,10,48725.9
Salary,251987,Employee,Yes,192,20,50397.4
Contractor,110386,Company,No,194C,20,22077.2
Contractor,380593,Individual,No,194C,20,76118.6
Rent,229198,Individual,Yes,194I,10,22919.8
Rent,119357,Individual,Yes,194I,10,11935.7
Interest,429507,Individual,Yes,194A,10,42950.7
Professional,427797,Company,Yes,194J,10,42779.7
Interest,185066,Individual,No,194A,20,37013.2
Contractor,65878,Company,No,194C,20,13175.6
Contractor,478248,Company,No,194C,20,95649.6
Contractor,110967,Company,No,194C,20,22193.4
Professional,157799,Individual,No,194J,20,31559.8
Interest,457136,Individual,No,194A,20,91427.2
Interest,310057,Company,Yes,194A,10,31005.7
Interest,365068,Individual,Yes,194A,10,36506.8
Professional,228839,Company,No,194J,20,45767.8
Salary,111682,Employee,Yes,192,30,33504.6
Contractor,403876,Individual,Yes,194C,1,4038.76
Interest,33371,Company,Yes,194A,10,3337.1
Professional,277636,Company,Yes,194J,10,27763.6
Interest,261426,Individual,No,194A,20,52285.2
Contractor,222689,Individual,Yes,194C,1,2226.89
Rent,334110,Company,Yes,194I,10,33411.0
Contractor,311491,Company,No,194C,20,62298.2
Professional,379986,Individual,No,194J,20,75997.2
Professional,351785,Individual,Yes,194J,10,35178.5
Interest,73368,Company,Yes,194A,10,7336.8
Contractor,81452,Individual,Yes,194C,2,1629.04
Interest,424342,Company,Yes,194A,10,42434.2
Contractor,317699,Company,Yes,194C,1,3176.99
Interest,42943,Individual,No,194A,20,8588.6
Interest,383740,Individual,Yes,194A,10,38374.0
Rent,289275,Individual,Yes,194I,10,28927.5
Contractor,434640,Individual,No,194C,20,86928.0
Interest,188910,Individual,No,194A,20,37782.0
Interest,122500,Individual,No,194A,20,24500.0
Rent,136565,Individual,Yes,194I,10,13656.5
Interest,322178,Individual,No,194A,20,64435.6
Professional,127228,Company,Yes,194J,10,12722.8
Contractor,178891,Individual,Yes,194C,1,1788.91
Professional,495202,Individual,No,194J,20,99040.4
Rent,41786,Company,No,194I,20,8357.2
Interest,118216,Individual,No,194A,20,23643.2
Professional,88547,Individual,Yes,194J,10,8854.7
Interest,137346,Individual,Yes,194A,10,13734.6
Professional,389483,Company,Yes,194J,10,38948.3
Salary,60959,Employee,No,192,20,12191.8
Professional,494472,Company,Yes,194J,10,49447.2
Salary,290036,Employee,No,192,20,58007.2
Rent,496093,Company,No,194I,20,99218.6
Contractor,202719,Individual,Yes,194C,1,2027.19
Salary,212684,Employee,No,192,20,42536.8
Professional,461935,Individual,No,194J,20,92387.0
Professional,390481,Company,Yes,194J,10,39048.1
Interest,82724,Company,Yes,194A,10,8272.4
Interest,239637,Individual,No,194A,20,47927.4
Contractor,489548,Individual,No,194C,20,97909.6
Professional,52408,Company,Yes,194J,10,5240.8
Rent,267623,Individual,No,194I,20,53524.6
Interest,303501,Company,No,194A,20,60700.2
Interest,48305,Company,No,194A,20,9661.0
Rent,348855,Company,Yes,194I,10,34885.5
Professional,129536,Individual,Yes,194J,10,12953.6
Salary,155390,Employee,No,192,20,31078.0
Professional,131861,Company,Yes,194J,10,13186.1
Contractor,460474,Company,No,194C,20,92094.8
Salary,494229,Employee,Yes,192,20,98845.8
Professional,262287,Individual,Yes,194J,10,26228.7
Professional,476514,Individual,Yes,194J,10,47651.4
Professional,150823,Individual,Yes,194J,10,15082.3
Rent,120775,Company,No,194I,20,24155.0
Rent,214946,Individual,No,194I,20,42989.2
Rent,330395,Individual,No,194I,20,66079.0
Professional,442560,Individual,Yes,194J,10,44256.0
Contractor,34240,Individual,Yes,194C,1,342.4
Interest,234877,Individual,Yes,194A,10,23487.7
Interest,293879,Company,No,194A,20,58775.8
Salary,304699,Employee,No,192,20,60939.8
Contractor,110715,Company,No,194C,20,22143.0
Salary,359547,Employee,No,192,20,71909.4
Contractor,497985,Company,Yes,194C,2,9959.7
Contractor,232554,Company,No,194C,20,46510.8
Salary,242890,Employee,No,192,20,48578.0
Rent,337915,Individual,Yes,194I,10,33791.5
Rent,468082,Individual,Yes,194I,10,46808.2
Interest,32114,Individual,Yes,194A,10,3211.4
Interest,499095,Individual,Yes,194A,10,49909.5
Interest,482020,Individual,No,194A,20,96404.0
Contractor,134885,Individual,Yes,194C,2,2697.7
Professional,322324,Individual,Yes,194J,10,32232.4
Professional,441702,Individual,Yes,194J,10,44170.2
Contractor,365368,Company,No,194C,20,73073.6
Contractor,205421,Company,Yes,194C,2,4108.42
Interest,477786,Company,No,194A,20,95557.2
Salary,414318,Employee,Yes,192,30,124295.4
Rent,280508,Company,Yes,194I,10,28050.8
Interest,175801,Company,Yes,194A,10,17580.1
Interest,106185,Company,No,194A,20,21237.0
Contractor,62265,Individual,No,194C,20,12453.0
Salary,371352,Employee,Yes,192,5,18567.6
Professional,78255,Company,No,194J,20,15651.0
Salary,245775,Employee,No,192,20,49155.0
Contractor,160736,Company,No,194C,20,32147.2
Salary,369578,Employee,No,192,20,73915.6
Interest,344775,Company,No,194A,20,68955.0
Interest,246314,Company,Yes,194A,10,24631.4
Rent,359086,Company,Yes,194I,10,35908.6
Professional,108806,Individual,No,194J,20,21761.2
Interest,483254,Individual,Yes,194A,10,48325.4
Interest,391633,Company,Yes,194A,10,39163.3
Rent,465022,Company,No,194I,20,93004.4
Contractor,34926,Individual,No,194C,20,6985.2
Salary,493310,Employee,Yes,192,20,98662.0
Professional,368561,Company,Yes,194J,10,36856.1
Interest,118883,Company,No,194A,20,23776.6
Contractor,263670,Individual,No,194C,20,52734.0
Rent,435773,Individual,Yes,194I,10,43577.3
Contractor,294814,Company,No,194C,20,58962.8
Salary,347078,Employee,No,192,20,69415.6
Rent,316343,Company,Yes,194I,10,31634.3
Rent,200106,Company,No,194I,20,40021.2
Professional,217467,Individual,Yes,194J,10,21746.7
Contractor,130600,Individual,Yes,194C,1,1306.0
Rent,95850,Company,Yes,194I,10,9585.0
Rent,127017,Individual,No,194I,20,25403.4
Salary,143304,Employee,No,192,20,28660.8
Professional,70534,Individual,Yes,194J,10,7053.4
Professional,241892,Individual,Yes,194J,10,24189.2
Rent,438715,Individual,No,194I,20,87743.0
Salary,130046,Employee,No,192,20,26009.2
Rent,388466,Individual,Yes,194I,10,38846.6
Salary,491029,Employee,No,192,20,98205.8
Professional,209803,Company,Yes,194J,10,20980.3
Interest,65161,Individual,Yes,194A,10,6516.1
Contractor,360681,Individual,Yes,194C,2,7213.62
Salary,480998,Employee,Yes,192,10,48099.8
Interest,193822,Individual,Yes,194A,10,19382.2
Rent,151598,Individual,Yes,194I,10,15159.8
Professional,410541,Individual,Yes,194J,10,41054.1
Professional,336197,Individual,Yes,194J,10,33619.7
Interest,380684,Company,Yes,194A,10,38068.4
Interest,141794,Individual,No,194A,20,28358.8
Contractor,347184,Individual,No,194C,20,69436.8
Interest,129827,Company,Yes,194A,10,12982.7
Professional,168991,Individual,Yes,194J,10,16899.1
Rent,249477,Individual,No,194I,20,49895.4
Interest,265629,Individual,Yes,194A,10,26562.9
Interest,28776,Individual,Yes,194A,10,2877.6
Interest,439689,Company,Yes,194A,10,43968.9
Professional,90818,Company,No,194J,20,18163.6
Contractor,22294,Individual,Yes,194C,1,222.94
Contractor,376090,Company,Yes,194C,2,7521.8
Rent,150411,Individual,No,194I,20,30082.2
Salary,436211,Employee,Yes,192,30,130863.3
Salary,252663,Employee,No,192,20,50532.6
Contractor,457741,Company,No,194C,20,91548.2
Professional,218111,Individual,No,194J,20,43622.2
Rent,466118,Company,Yes,194I,10,46611.8
Contractor,22744,Individual,No,194C,20,4548.8
Interest,266877,Company,No,194A,20,53375.4
Salary,106031,Employee,No,192,20,21206.2
Interest,39332,Company,No,194A,20,7866.4
Professional,96640,Company,Yes,194J,10,9664.0
Contractor,32270,Individual,Yes,194C,1,322.7
Professional,479217,Individual,Yes,194J,10,47921.7
Salary,116791,Employee,Yes,192,30,35037.3
Professional,368484,Company,Yes,194J,10,36848.4
Professional,60122,Company,No,194J,20,12024.4
Contractor,287740,Individual,No,194C,20,57548.0
Contractor,331126,Individual,No,194C,20,66225.2
Interest,321950,Individual,Yes,194A,10,32195.0
Salary,139704,Employee,Yes,192,30,41911.2
Contractor,111667,Company,Yes,194C,2,2233.34
Interest,235982,Individual,No,194A,20,47196.4
Salary,424060,Employee,No,192,20,84812.0
Interest,222301,Individual,Yes,194A,10,22230.1
Professional,153058,Individual,Yes,194J,10,15305.8
Interest,110406,Individual,No,194A,20,22081.2
Salary,185829,Employee,No,192,20,37165.8
Professional,153622,Individual,No,194J,20,30724.4
Professional,27759,Individual,No,194J,20,5551.8
Professional,96693,Individual,Yes,194J,10,9669.3
Rent,180980,Individual,No,194I,20,36196.0
Salary,188782,Employee,No,192,20,37756.4
Professional,435159,Company,No,194J,20,87031.8
Contractor,277840,Company,Yes,194C,2,5556.8
Rent,103964,Company,Yes,194I,10,10396.4
Contractor,86464,Company,Yes,194C,2,1729.28
Professional,343404,Individual,Yes,194J,10,34340.4
Interest,32601,Company,Yes,194A,10,3260.1
Interest,143234,Individual,Yes,194A,10,14323.4
Salary,403667,Employee,No,192,20,80733.4
Interest,189444,Company,Yes,194A,10,18944.4
Rent,302725,Individual,No,194I,20,60545.0
Rent,291059,Company,No,194I,20,58211.8
Rent,476767,Individual,No,194I,20,95353.4
Interest,189912,Individual,Yes,194A,10,18991.2
Rent,467467,Individual,Yes,194I,10,46746.7
Rent,276176,Company,Yes,194I,10,27617.6
Salary,254740,Employee,No,192,20,50948.0
Interest,107935,Company,No,194A,20,21587.0
Professional,132403,Individual,Yes,194J,10,13240.3
Professional,348574,Company,No,194J,20,69714.8
Professional,279180,Company,Yes,194J,10,27918.0
Salary,439076,Employee,No,192,20,87815.2
Contractor,224267,Individual,Yes,194C,2,4485.34
Interest,151404,Company,No,194A,20,30280.8
Contractor,293812,Individual,No,194C,20,58762.4
Professional,433754,Individual,No,194J,20,86750.8
Interest,331497,Company,No,194A,20,66299.4
Professional,426171,Company,Yes,194J,10,42617.1
Professional,200024,Company,Yes,194J,10,20002.4
Contractor,134500,Company,No,194C,20,26900.0
Salary,342720,Employee,No,192,20,68544.0
Rent,357416,Individual,No,194I,20,71483.2
Salary,343979,Employee,Yes,192,10,34397.9
Salary,276342,Employee,No,192,20,55268.4
Contractor,283226,Company,No,194C,20,56645.2
Interest,493450,Individual,Yes,194A,10,49345.0
Professional,305665,Individual,No,194J,20,61133.0
Rent,104108,Company,Yes,194I,10,10410.8
Contractor,99174,Company,No,194C,20,19834.8
Salary,319618,Employee,Yes,192,20,63923.6
Interest,363377,Individual,No,194A,20,72675.4
Interest,29444,Company,No,194A,20,5888.8
Interest,482175,Individual,Yes,194A,10,48217.5
Salary,285924,Employee,Yes,192,5,14296.2
Professional,357513,Individual,Yes,194J,10,35751.3
Interest,127775,Company,Yes,194A,10,12777.5
Contractor,172980,Individual,No,194C,20,34596.0
Salary,186177,Employee,No,192,20,37235.4
Contractor,342487,Individual,Yes,194C,1,3424.87
Rent,145823,Company,No,194I,20,29164.6
Professional,369181,Individual,No,194J,20,73836.2
Contractor,186375,Individual,Yes,194C,2,3727.5
Salary,428180,Employee,No,192,20,85636.0
Interest,256699,Individual,Yes,194A,10,25669.9
Professional,149702,Individual,No,194J,20,29940.4
Professional,434558,Individual,Yes,194J,10,43455.8
Rent,363619,Individual,Yes,194I,10,36361.9
Professional,356548,Individual,No,194J,20,71309.6
Contractor,260395,Individual,No,194C,20,52079.0
Contractor,41755,Company,Yes,194C,2,835.1
Salary,42942,Employee,Yes,192,20,8588.4
Professional,216236,Individual,Yes,194J,10,21623.6
Professional,388744,Company,Yes,194J,10,38874.4
Interest,90229,Individual,Yes,194A,10,9022.9
Professional,285901,Company,No,194J,20,57180.2
Rent,390412,Individual,Yes,194I,10,39041.2
Professional,182258,Company,No,194J,20,36451.6
Interest,462439,Individual,No,194A,20,92487.8
Rent,451098,Company,Yes,194I,10,45109.8
Salary,261892,Employee,No,192,20,52378.4
Contractor,54259,Individual,Yes,194C,1,542.59
Rent,47265,Company,Yes,194I,10,4726.5
Professional,281190,Individual,Yes,194J,10,28119.0
Interest,457205,Individual,Yes,194A,10,45720.5
Professional,185147,Individual,No,194J,20,37029.4
Professional,340534,Company,No,194J,20,68106.8
Interest,170168,Individual,No,194A,20,34033.6
Salary,372776,Employee,No,192,20,74555.2
Salary,457621,Employee,No,192,20,91524.2
Contractor,189988,Company,No,194C,20,37997.6
Rent,312495,Individual,No,194I,20,62499.0
Contractor,256318,Company,No,194C,20,51263.6
Salary,126330,Employee,Yes,192,20,25266.0
Professional,140250,Individual,No,194J,20,28050.0
Interest,130699,Company,No,194A,20,26139.8
Professional,267679,Individual,No,194J,20,53535.8
Professional,447016,Individual,Yes,194J,10,44701.6
Professional,129745,Company,No,194J,20,25949.0
Interest,413638,Company,No,194A,20,82727.6
Salary,303096,Employee,No,192,20,60619.2
Rent,129684,Individual,No,194I,20,25936.8
Rent,128796,Individual,No,194I,20,25759.2
Interest,180873,Company,Yes,194A,10,18087.3
Professional,97195,Individual,Yes,194J,10,9719.5
Salary,88667,Employee,No,192,20,17733.4
Rent,220464,Individual,No,194I,20,44092.8
Interest,161057,Individual,Yes,194A,10,16105.7
Salary,214047,Employee,Yes,192,30,64214.1
Salary,451789,Employee,No,192,20,90357.8
Contractor,151625,Individual,No,194C,20,30325.0
Rent,199013,Company,No,194I,20,39802.6
Rent,20385,Company,No,194I,20,4077.0
Professional,263577,Individual,Yes,194J,10,26357.7
Interest,119623,Individual,No,194A,20,23924.6
Professional,458771,Company,Yes,194J,10,45877.1
Professional,219822,Individual,No,194J,20,43964.4
Professional,222741,Individual,Yes,194J,10,22274.1
Interest,192134,Company,No,194A,20,38426.8
Contractor,432618,Company,No,194C,20,86523.6
Professional,380749,Company,Yes,194J,10,38074.9
Rent,156378,Individual,Yes,194I,10,15637.8
Interest,277671,Company,Yes,194A,10,27767.1
Salary,26463,Employee,No,192,20,5292.6
Professional,143494,Individual,No,194J,20,28698.8
Interest,305515,Company,No,194A,20,61103.0
Interest,258085,Individual,No,194A,20,51617.0
Professional,172920,Individual,No,194J,20,34584.0
Professional,256329,Individual,Yes,194J,10,25632.9
Contractor,247185,Individual,No,194C,20,49437.0
Contractor,358129,Company,No,194C,20,71625.8
Interest,72376,Company,No,194A,20,14475.2
Interest,319949,Company,No,194A,20,63989.8
Salary,56920,Employee,Yes,192,30,17076.0
Contractor,369006,Individual,No,194C,20,73801.2
Professional,327346,Individual,Yes,194J,10,32734.6
Interest,367086,Company,Yes,194A,10,36708.6
Salary,478548,Employee,No,192,20,95709.6
Rent,119042,Individual,No,194I,20,23808.4
Contractor,330365,Company,No,194C,20,66073.0
Rent,480007,Individual,No,194I,20,96001.4
Contractor,322278,Company,Yes,194C,2,6445.56
Professional,280765,Company,Yes,194J,10,28076.5
Contractor,54201,Individual,Yes,194C,1,542.01
Rent,338893,Individual,Yes,194I,10,33889.3
Professional,47208,Company,Yes,194J,10,4720.8
Contractor,401479,Company,No,194C,20,80295.8
Salary,334349,Employee,No,192,20,66869.8
Contractor,430579,Individual,Yes,194C,1,4305.79
Salary,431013,Employee,Yes,192,5,21550.65
Contractor,239364,Individual,Yes,194C,2,4787.28
Professional,350426,Individual,Yes,194J,10,35042.6
Rent,299651,Individual,No,194I,20,59930.2
Rent,153154,Company,No,194I,20,30630.8
Salary,437853,Employee,Yes,192,30,131355.9
Professional,226774,Individual,Yes,194J,10,22677.4
Contractor,85960,Individual,Yes,194C,2,1719.2
Rent,286435,Individual,No,194I,20,57287.0
Interest,241944,Company,Yes,194A,10,24194.4
Rent,270444,Individual,No,194I,20,54088.8
Salary,130696,Employee,No,192,20,26139.2
Interest,86056,Company,No,194A,20,17211.2
Rent,55946,Company,No,194I,20,11189.2
Professional,430378,Company,Yes,194J,10,43037.8
Professional,311689,Individual,No,194J,20,62337.8
Contractor,188195,Company,No,194C,20,37639.0
Interest,45701,Individual,Yes,194A,10,4570.1
Interest,253283,Individual,No,194A,20,50656.6
Salary,134625,Employee,No,192,20,26925.0
Rent,387152,Individual,No,194I,20,77430.4
Professional,120042,Individual,No,194J,20,24008.4
Interest,286181,Company,No,194A,20,57236.2
Rent,434560,Individual,Yes,194I,10,43456.0
Interest,494696,Company,No,194A,20,98939.2
Contractor,44270,Company,Yes,194C,1,442.7
Salary,326147,Employee,No,192,20,65229.4
Professional,93418,Individual,Yes,194J,10,9341.8
Rent,459629,Individual,No,194I,20,91925.8
Salary,328089,Employee,Yes,192,5,16404.45
Rent,266255,Individual,No,194I,20,53251.0
Contractor,435473,Company,Yes,194C,2,8709.46
Rent,56125,Company,Yes,194I,10,5612.5
Contractor,24517,Individual,Yes,194C,2,490.34
Professional,101621,Company,Yes,194J,10,10162.1
Professional,262340,Individual,Yes,194J,10,26234.0
Contractor,319807,Individual,Yes,194C,2,6396.14
Professional,252323,Company,No,194J,20,50464.6
Interest,278660,Individual,Yes,194A,10,27866.0
Interest,300798,Individual,Yes,194A,10,30079.8
Contractor,380916,Individual,Yes,194C,2,7618.32
Interest,444040,Company,No,194A,20,88808.0
Interest,231895,Company,No,194A,20,46379.0
Salary,263283,Employee,No,192,20,52656.6
Salary,64627,Employee,No,192,20,12925.4
Salary,50577,Employee,Yes,192,30,15173.1
Contractor,305490,Company,No,194C,20,61098.0
Rent,215938,Individual,Yes,194I,10,21593.8
Contractor,497605,Company,Yes,194C,2,9952.1
Professional,72611,Company,Yes,194J,10,7261.1
Professional,337908,Company,Yes,194J,10,33790.8
Professional,355046,Individual,Yes,194J,10,35504.6
Interest,323015,Individual,Yes,194A,10,32301.5
Rent,151803,Individual,Yes,194I,10,15180.3
Professional,402170,Company,No,194J,20,80434.0
Professional,101589,Individual,Yes,194J,10,10158.9
Rent,46478,Individual,Yes,194I,10,4647.8
Professional,23654,Company,Yes,194J,10,2365.4
Professional,315963,Individual,Yes,194J,10,31596.3
Rent,327955,Individual,No,194I,20,65591.0
Salary,45166,Employee,No,192,20,9033.2
Contractor,75361,Company,Yes,194C,2,1507.22
Professional,344531,Individual,No,194J,20,68906.2
Interest,258457,Individual,Yes,194A,10,25845.7
Interest,499780,Individual,No,194A,20,99956.0
Interest,207679,Individual,No,194A,20,41535.8
Rent,376267,Individual,No,194I,20,75253.4
Rent,334753,Individual,Yes,194I,10,33475.3
Rent,396718,Company,No,194I,20,79343.6
Rent,339307,Individual,Yes,194I,10,33930.7
Rent,207771,Company,Yes,194I,10,20777.1
Professional,46087,Company,No,194J,20,9217.4
Interest,257346,Company,Yes,194A,10,25734.6
Professional,27298,Company,No,194J,20,5459.6
Interest,303500,Individual,No,194A,20,60700.0
Professional,427101,Individual,Yes,194J,10,42710.1
Salary,86559,Employee,No,192,20,17311.8
Salary,199872,Employee,No,192,20,39974.4
Professional,42439,Company,No,194J,20,8487.8
Salary,365464,Employee,No,192,20,73092.8
Rent,345169,Individual,Yes,194I,10,34516.9
Professional,97523,Company,Yes,194J,10,9752.3
Professional,94624,Company,No,194J,20,18924.8
Contractor,343575,Individual,Yes,194C,2,6871.5
Interest,93914,Company,No,194A,20,18782.8
Salary,369183,Employee,No,192,20,73836.6
Contractor,199704,Individual,Yes,194C,1,1997.04
Rent,167083,Company,No,194I,20,33416.6
Rent,271430,Individual,No,194I,20,54286.0
Salary,479911,Employee,Yes,192,20,95982.2
Professional,472707,Company,Yes,194J,10,47270.7
Rent,147373,Individual,No,194I,20,29474.6
Rent,223215,Individual,Yes,194I,10,22321.5
Professional,252911,Individual,No,194J,20,50582.2
Rent,336653,Individual,Yes,194I,10,33665.3
Interest,111731,Company,No,194A,20,22346.2
Salary,217900,Employee,No,192,20,43580.0
Professional,342570,Company,No,194J,20,68514.0
Contractor,440652,Individual,No,194C,20,88130.4
Contractor,467517,Individual,Yes,194C,2,9350.34
Interest,248426,Company,No,194A,20,49685.2
Salary,21599,Employee,No,192,20,4319.8
Rent,69042,Company,No,194I,20,13808.4
Rent,230840,Individual,Yes,194I,10,23084.0
Rent,448352,Individual,No,194I,20,89670.4
Professional,189539,Individual,Yes,194J,10,18953.9
Rent,370865,Company,No,194I,20,74173.0
Professional,196213,Individual,No,194J,20,39242.6
Rent,233885,Company,Yes,194I,10,23388.5
Professional,493134,Company,Yes,194J,10,49313.4
Professional,326436,Individual,Yes,194J,10,32643.6
Rent,191673,Company,Yes,194I,10,19167.3
Contractor,94504,Individual,Yes,194C,2,1890.08
Interest,388532,Company,Yes,194A,10,38853.2
Professional,380149,Individual,Yes,194J,10,38014.9
Rent,383791,Company,No,194I,20,76758.2
Contractor,416436,Individual,No,194C,20,83287.2
Professional,316705,Individual,Yes,194J,10,31670.5
Professional,452461,Individual,No,194J,20,90492.2
Professional,341844,Company,Yes,194J,10,34184.4
Interest,444615,Individual,No,194A,20,88923.0
Contractor,430687,Individual,Yes,194C,2,8613.74
Interest,62187,Company,Yes,194A,10,6218.7
Contractor,496389,Company,Yes,194C,1,4963.89
Salary,194670,Employee,Yes,192,30,58401.0
Rent,415228,Company,No,194I,20,83045.6
Interest,236643,Individual,Yes,194A,10,23664.3
Salary,203033,Employee,Yes,192,30,60909.9
Contractor,484819,Individual,Yes,194C,2,9696.38
Interest,304528,Individual,Yes,194A,10,30452.8
Professional,483781,Company,No,194J,20,96756.2
Interest,248042,Individual,Yes,194A,10,24804.2
Contractor,289087,Individual,Yes,194C,1,2890.87
Contractor,331980,Individual,No,194C,20,66396.0
Rent,40482,Individual,No,194I,20,8096.4
Rent,344928,Individual,No,194I,20,68985.6
Professional,30123,Individual,No,194J,20,6024.6
Rent,486239,Company,No,194I,20,97247.8
Rent,292442,Company,No,194I,20,58488.4
Professional,170176,Company,Yes,194J,10,17017.6
Salary,48974,Employee,Yes,192,20,9794.8
Salary,92370,Employee,No,192,20,18474.0
Contractor,265418,Individual,Yes,194C,2,5308.36
Salary,67558,Employee,No,192,20,13511.6
Rent,149363,Company,No,194I,20,29872.6
Interest,287117,Company,No,194A,20,57423.4
Salary,425203,Employee,No,192,20,85040.6
Professional,208759,Individual,No,194J,20,41751.8
Contractor,358041,Company,No,194C,20,71608.2
Rent,397830,Individual,No,194I,20,79566.0
Interest,409449,Company,Yes,194A,10,40944.9
Rent,150806,Company,Yes,194I,10,15080.6
Salary,166374,Employee,No,192,20,33274.8
Rent,426259,Company,Yes,194I,10,42625.9
Contractor,115390,Company,Yes,194C,2,2307.8
Interest,169454,Company,Yes,194A,10,16945.4
Professional,431249,Individual,Yes,194J,10,43124.9
Rent,90906,Company,No,194I,20,18181.2
Professional,433072,Company,Yes,194J,10,43307.2
Contractor,227908,Individual,No,194C,20,45581.6
Interest,350842,Company,No,194A,20,70168.4
Interest,74903,Individual,No,194A,20,14980.6
Salary,484525,Employee,No,192,20,96905.0
Salary,55201,Employee,No,192,20,11040.2
Rent,89370,Individual,Yes,194I,10,8937.0
Rent,264659,Company,No,194I,20,52931.8
Professional,259806,Individual,No,194J,20,51961.2
Interest,210783,Company,Yes,194A,10,21078.3
Professional,32964,Individual,Yes,194J,10,3296.4
Contractor,416111,Company,No,194C,20,83222.2
Rent,167887,Individual,Yes,194I,10,16788.7
Salary,145643,Employee,No,192,20,29128.6
Salary,435587,Employee,No,192,20,87117.4
Rent,307248,Company,Yes,194I,10,30724.8
Interest,147847,Company,Yes,194A,10,14784.7
Professional,79942,Company,Yes,194J,10,7994.2
Rent,128052,Individual,No,194I,20,25610.4
Salary,78537,Employee,Yes,192,5,3926.85
Contractor,225890,Individual,No,194C,20,45178.0
Contractor,218120,Individual,Yes,194C,2,4362.4
Interest,156703,Individual,Yes,194A,10,15670.3
Interest,459719,Company,No,194A,20,91943.8
Rent,171222,Individual,No,194I,20,34244.4
Salary,365710,Employee,No,192,20,73142.0
Professional,320000,Company,Yes,194J,10,32000.0
Interest,28789,Individual,Yes,194A,10,2878.9
Contractor,195983,Company,Yes,194C,2,3919.66
Rent,423300,Individual,Yes,194I,10,42330.0
Contractor,483805,Individual,No,194C,20,96761.0
Contractor,355939,Individual,No,194C,20,71187.8
Interest,383567,Individual,No,194A,20,76713.4
Rent,339874,Individual,Yes,194I,10,33987.4
Contractor,312599,Individual,No,194C,20,62519.8
Professional,161936,Individual,Yes,194J,10,16193.6
Salary,134119,Employee,Yes,192,5,6705.95
Professional,30760,Company,No,194J,20,6152.0
Professional,231946,Company,No,194J,20,46389.2
Professional,379147,Individual,Yes,194J,10,37914.7
Rent,254362,Company,No,194I,20,50872.4
Contractor,469419,Individual,Yes,194C,1,4694.19
Interest,217387,Individual,No,194A,20,43477.4
Professional,261523,Individual,No,194J,20,52304.6
Salary,413868,Employee,No,192,20,82773.6
Salary,403057,Employee,No,192,20,80611.4
Rent,298879,Company,No,194I,20,59775.8
Rent,377826,Individual,Yes,194I,10,37782.6
Interest,474320,Company,No,194A,20,94864.0
Rent,285712,Individual,No,194I,20,57142.4
Interest,264938,Company,Yes,194A,10,26493.8
Interest,175750,Company,Yes,194A,10,17575.0
Interest,394894,Company,No,194A,20,78978.8
Contractor,52351,Company,Yes,194C,2,1047.02
Interest,50739,Company,Yes,194A,10,5073.9
Contractor,365289,Individual,Yes,194C,1,3652.89
Contractor,85468,Individual,No,194C,20,17093.6
Interest,273502,Company,Yes,194A,10,27350.2
Professional,78333,Company,Yes,194J,10,7833.3
Rent,473249,Company,No,194I,20,94649.8
Salary,89436,Employee,No,192,20,17887.2
Rent,179707,Company,No,194I,20,35941.4
Rent,248672,Individual,Yes,194I,10,24867.2
Contractor,210603,Individual,Yes,194C,2,4212.06
Rent,429486,Individual,Yes,194I,10,42948.6
Contractor,441312,Individual,Yes,194C,2,8826.24
Contractor,247410,Company,Yes,194C,1,2474.1
Interest,211850,Company,No,194A,20,42370.0
Interest,176862,Individual,No,194A,20,35372.4
Rent,163666,Individual,Yes,194I,10,16366.6
Interest,68731,Company,No,194A,20,13746.2
Contractor,263621,Individual,Yes,194C,2,5272.42
Professional,211242,Company,No,194J,20,42248.4
Salary,80974,Employee,No,192,20,16194.8
Salary,443233,Employee,No,192,20,88646.6
Professional,307055,Individual,No,194J,20,61411.0
Rent,455489,Individual,Yes,194I,10,45548.9
Professional,73766,Company,Yes,194J,10,7376.6
Salary,207154,Employee,Yes,192,30,62146.2
Salary,470502,Employee,Yes,192,20,94100.4
Contractor,133977,Company,Yes,194C,1,1339.77
Rent,242102,Company,Yes,194I,10,24210.2
Professional,216499,Individual,No,194J,20,43299.8
Interest,244846,Individual,No,194A,20,48969.2
Contractor,150193,Individual,Yes,194C,2,3003.86
Rent,143495,Individual,Yes,194I,10,14349.5
Professional,113145,Company,No,194J,20,22629.0
Contractor,187727,Individual,Yes,194C,2,3754.54
Professional,398369,Individual,Yes,194J,10,39836.9
Interest,225326,Individual,No,194A,20,45065.2
Rent,351715,Individual,Yes,194I,10,35171.5
Interest,288607,Company,No,194A,20,57721.4
Contractor,264145,Company,Yes,194C,1,2641.45
Interest,235860,Individual,Yes,194A,10,23586.0
Salary,155052,Employee,Yes,192,30,46515.6
Rent,158957,Individual,No,194I,20,31791.4
Salary,136253,Employee,No,192,20,27250.6
Rent,116399,Company,No,194I,20,23279.8
Rent,382696,Individual,Yes,194I,10,38269.6
Professional,494409,Company,Yes,194J,10,49440.9
Contractor,94978,Company,Yes,194C,1,949.78
Rent,410743,Individual,Yes,194I,10,41074.3
Salary,186199,Employee,Yes,192,20,37239.8
Contractor,44591,Individual,Yes,194C,2,891.82
Professional,355734,Company,Yes,194J,10,35573.4
Contractor,371808,Individual,Yes,194C,2,7436.16
Professional,204036,Company,No,194J,20,40807.2
Professional,165725,Individual,No,194J,20,33145.0
Interest,192435,Individual,No,194A,20,38487.0
Salary,110670,Employee,No,192,20,22134.0
Interest,162886,Company,Yes,194A,10,16288.6
Rent,245585,Company,No,194I,20,49117.0
Interest,193982,Company,Yes,194A,10,19398.2
Contractor,400888,Company,No,194C,20,80177.6
Salary,212972,Employee,No,192,20,42594.4
Contractor,451359,Company,Yes,194C,2,9027.18
Interest,339272,Company,No,194A,20,67854.4
Professional,489762,Company,No,194J,20,97952.4
Professional,424391,Individual,Yes,194J,10,42439.1
Rent,217391,Company,No,194I,20,43478.2
Professional,89284,Company,No,194J,20,17856.8
Contractor,271787,Company,No,194C,20,54357.4
Contractor,435982,Company,No,194C,20,87196.4
Professional,167236,Company,Yes,194J,10,16723.6
Professional,248652,Company,Yes,194J,10,24865.2
Salary,195643,Employee,No,192,20,39128.6
Rent,175019,Individual,Yes,194I,10,17501.9
Salary,251819,Employee,No,192,20,50363.8
Interest,333464,Company,Yes,194A,10,33346.4
Professional,347304,Individual,No,194J,20,69460.8
Contractor,418427,Individual,Yes,194C,1,4184.27
Interest,293621,Individual,Yes,194A,10,29362.1
Interest,431658,Company,No,194A,20,86331.6
Professional,128511,Company,No,194J,20,25702.2
Interest,86902,Company,Yes,194A,10,8690.2
Interest,422780,Company,No,194A,20,84556.0
Interest,456948,Individual,Yes,194A,10,45694.8
Interest,238808,Company,Yes,194A,10,23880.8
Salary,251428,Employee,Yes,192,30,75428.4
Salary,331766,Employee,No,192,20,66353.2
Rent,352702,Individual,Yes,194I,10,35270.2
Professional,38368,Company,Yes,194J,10,3836.8
Rent,180810,Company,Yes,194I,10,18081.0
Rent,241111,Company,Yes,194I,10,24111.1
Contractor,208763,Company,Yes,194C,2,4175.26
Professional,314859,Company,Yes,194J,10,31485.9
Contractor,220778,Individual,No,194C,20,44155.6
Interest,210502,Company,No,194A,20,42100.4
Contractor,402054,Individual,No,194C,20,80410.8
Salary,58685,Employee,Yes,192,5,2934.25
Interest,211394,Individual,No,194A,20,42278.8
Professional,155354,Company,No,194J,20,31070.8
Rent,28735,Individual,No,194I,20,5747.0
Rent,38111,Individual,Yes,194I,10,3811.1
Contractor,153122,Company,No,194C,20,30624.4
Salary,389201,Employee,Yes,192,30,116760.3
Interest,310535,Individual,Yes,194A,10,31053.5
Professional,386865,Company,No,194J,20,77373.0
Contractor,22536,Company,Yes,194C,1,225.36
Professional,35252,Individual,Yes,194J,10,3525.2
Salary,472709,Employee,Yes,192,5,23635.45
Rent,464024,Individual,No,194I,20,92804.8
Professional,62487,Company,No,194J,20,12497.4
Rent,141513,Company,Yes,194I,10,14151.3
Salary,149011,Employee,No,192,20,29802.2
Contractor,337750,Company,No,194C,20,67550.0
Salary,159389,Employee,Yes,192,10,15938.9
Professional,178303,Individual,No,194J,20,35660.6
Salary,404651,Employee,No,192,20,80930.2
Salary,453464,Employee,Yes,192,10,45346.4
Rent,176856,Individual,No,194I,20,35371.2
Salary,71674,Employee,No,192,20,14334.8
Professional,398599,Company,No,194J,20,79719.8
Rent,35876,Individual,No,194I,20,7175.2
Salary,226703,Employee,Yes,192,5,11335.15
Contractor,424938,Company,Yes,194C,1,4249.38
Professional,365218,Company,No,194J,20,73043.6
Salary,60620,Employee,Yes,192,5,3031.0
Interest,86638,Company,Yes,194A,10,8663.8
Professional,209957,Company,Yes,194J,10,20995.7
Professional,122917,Individual,Yes,194J,10,12291.7
Interest,163987,Individual,Yes,194A,10,16398.7
Contractor,65662,Company,Yes,194C,2,1313.24
Professional,97510,Individual,Yes,194J,10,9751.0
Salary,168184,Employee,No,192,20,33636.8
Contractor,293375,Company,No,194C,20,58675.0
Interest,177103,Company,Yes,194A,10,17710.3
Rent,497104,Individual,No,194I,20,99420.8
Rent,110171,Company,No,194I,20,22034.2
Professional,61978,Individual,No,194J,20,12395.6
Professional,235188,Individual,Yes,194J,10,23518.8
Salary,242947,Employee,Yes,192,5,12147.35
Salary,412866,Employee,Yes,192,5,20643.3
Interest,295444,Company,Yes,194A,10,29544.4
Rent,213227,Individual,Yes,194I,10,21322.7
Contractor,115206,Company,No,194C,20,23041.2
Professional,179445,Individual,No,194J,20,35889.0
Rent,143015,Individual,Yes,194I,10,14301.5
Interest,138203,Company,No,194A,20,27640.6
Interest,254188,Company,Yes,194A,10,25418.8
Professional,290447,Company,No,194J,20,58089.4
Professional,186826,Individual,No,194J,20,37365.2
Rent,347456,Company,Yes,194I,10,34745.6
Salary,380235,Employee,Yes,192,20,76047.0
Interest,392543,Company,Yes,194A,10,39254.3
Professional,438547,Individual,No,194J,20,87709.4
Interest,256120,Company,Yes,194A,10,25612.0
Professional,296891,Individual,No,194J,20,59378.2
Professional,491047,Individual,Yes,194J,10,49104.7
Salary,288253,Employee,Yes,192,5,14412.65
Professional,469427,Company,Yes,194J,10,46942.7
Salary,439595,Employee,No,192,20,87919.0
Contractor,481564,Individual,No,194C,20,96312.8
Professional,216511,Individual,Yes,194J,10,21651.1
Contractor,118564,Company,Yes,194C,2,2371.28
Contractor,277978,Company,No,194C,20,55595.6
Interest,94671,Individual,Yes,194A,10,9467.1
Contractor,284077,Company,Yes,194C,1,2840.77
Rent,116339,Company,Yes,194I,10,11633.9
Professional,336723,Company,No,194J,20,67344.6
Contractor,399759,Company,Yes,194C,2,7995.18
Professional,386245,Company,Yes,194J,10,38624.5
Contractor,378234,Individual,Yes,194C,1,3782.34
Salary,255272,Employee,No,192,20,51054.4
Professional,355851,Company,Yes,194J,10,35585.1
Salary,63500,Employee,Yes,192,30,19050.0
Contractor,225352,Individual,Yes,194C,1,2253.52
Rent,143303,Individual,Yes,194I,10,14330.3
Salary,437585,Employee,No,192,20,87517.0
Contractor,225848,Individual,No,194C,20,45169.6
Contractor,206853,Company,No,194C,20,41370.6
Contractor,221905,Individual,Yes,194C,1,2219.05
Rent,459469,Individual,No,194I,20,91893.8
Salary,452557,Employee,No,192,20,90511.4
Salary,97891,Employee,No,192,20,19578.2
Rent,330255,Individual,Yes,194I,10,33025.5
Salary,474834,Employee,No,192,20,94966.8
Professional,221596,Company,Yes,194J,10,22159.6
Professional,193336,Company,No,194J,20,38667.2
Professional,313285,Individual,Yes,194J,10,31328.5
Contractor,268755,Individual,No,194C,20,53751.0
Contractor,432906,Individual,No,194C,20,86581.2
Salary,127982,Employee,No,192,20,25596.4
Contractor,284575,Individual,No,194C,20,56915.0
Rent,337897,Company,No,194I,20,67579.4
Salary,83433,Employee,Yes,192,30,25029.9
Contractor,471963,Individual,No,194C,20,94392.6
Contractor,282353,Individual,Yes,194C,1,2823.53
Contractor,296254,Individual,No,194C,20,59250.8
Contractor,439598,Individual,Yes,194C,1,4395.98
Interest,175567,Company,Yes,194A,10,17556.7
Rent,361586,Company,Yes,194I,10,36158.6
Contractor,178221,Company,No,194C,20,35644.2
Professional,351543,Company,No,194J,20,70308.6
Contractor,115017,Company,Yes,194C,2,2300.34
Interest,208773,Company,Yes,194A,10,20877.3
Interest,105071,Company,No,194A,20,21014.2
Salary,469032,Employee,Yes,192,30,140709.6
Professional,243806,Individual,No,194J,20,48761.2
Contractor,358441,Company,Yes,194C,1,3584.41
Salary,354058,Employee,No,192,20,70811.6
Salary,89967,Employee,Yes,192,5,4498.35
Professional,128018,Company,Yes,194J,10,12801.8
Interest,165502,Individual,No,194A,20,33100.4
Interest,160955,Company,No,194A,20,32191.0
Professional,379407,Company,Yes,194J,10,37940.7
Contractor,477888,Individual,No,194C,20,95577.6
Interest,159536,Company,No,194A,20,31907.2
Professional,170248,Individual,No,194J,20,34049.6
Interest,216923,Company,Yes,194A,10,21692.3
Salary,266366,Employee,No,192,20,53273.2
Interest,322969,Company,No,194A,20,64593.8
Contractor,161296,Individual,No,194C,20,32259.2
Contractor,220070,Company,No,194C,20,44014.0
Salary,106920,Employee,No,192,20,21384.0
Interest,99866,Individual,Yes,194A,10,9986.6
Rent,282335,Company,No,194I,20,56467.0
Salary,131037,Employee,Yes,192,5,6551.85
Interest,489494,Individual,No,194A,20,97898.8
Professional,208785,Individual,No,194J,20,41757.0
Salary,154966,Employee,No,192,20,30993.2
Professional,78005,Company,Yes,194J,10,7800.5
Rent,241063,Company,No,194I,20,48212.6
Professional,158308,Individual,No,194J,20,31661.6
Interest,490882,Individual,No,194A,20,98176.4
Salary,405440,Employee,No,192,20,81088.0
Contractor,450605,Company,No,194C,20,90121.0
Interest,232914,Individual,No,194A,20,46582.8
Contractor,62719,Company,No,194C,20,12543.8
Rent,166108,Individual,Yes,194I,10,16610.8
Professional,270146,Company,Yes,194J,10,27014.6
Contractor,441119,Individual,Yes,194C,1,4411.19
Professional,260331,Company,Yes,194J,10,26033.1
Interest,326244,Company,No,194A,20,65248.8
Professional,203132,Individual,Yes,194J,10,20313.2
Rent,135379,Individual,No,194I,20,27075.8
Interest,148842,Company,Yes,194A,10,14884.2
Salary,68354,Employee,No,192,20,13670.8
Rent,471322,Company,Yes,194I,10,47132.2
Professional,35962,Individual,No,194J,20,7192.4
Salary,371463,Employee,No,192,20,74292.6
Professional,482170,Individual,No,194J,20,96434.0
Contractor,77165,Company,Yes,194C,2,1543.3
Salary,167157,Employee,Yes,192,30,50147.1
Contractor,285083,Individual,Yes,194C,2,5701.66
Salary,229595,Employee,Yes,192,10,22959.5
Salary,432062,Employee,Yes,192,5,21603.1
Contractor,69577,Company,No,194C,20,13915.4
Professional,152519,Individual,Yes,194J,10,15251.9
Rent,244650,Individual,No,194I,20,48930.0
Rent,122525,Company,Yes,194I,10,12252.5
Interest,103878,Company,No,194A,20,20775.6
Professional,248471,Individual,No,194J,20,49694.2
Interest,157182,Company,Yes,194A,10,15718.2
Salary,322500,Employee,No,192,20,64500.0
Salary,390088,Employee,No,192,20,78017.6
Salary,455600,Employee,No,192,20,91120.0
Interest,155089,Company,No,194A,20,31017.8
Professional,418092,Individual,No,194J,20,83618.4
Interest,292014,Individual,Yes,194A,10,29201.4
Salary,383254,Employee,Yes,192,20,76650.8
Salary,157000,Employee,Yes,192,5,7850.0
Salary,228986,Employee,No,192,20,45797.2
Interest,308225,Individual,No,194A,20,61645.0
Professional,137758,Company,No,194J,20,27551.6
Salary,427028,Employee,Yes,192,20,85405.6
Professional,183219,Company,No,194J,20,36643.8
Interest,176120,Company,Yes,194A,10,17612.0
Rent,393517,Individual,Yes,194I,10,39351.7
Salary,342575,Employee,No,192,20,68515.0
Interest,63938,Company,Yes,194A,10,6393.8
Interest,232844,Company,No,194A,20,46568.8
Salary,374428,Employee,Yes,192,5,18721.4
Professional,375299,Company,No,194J,20,75059.8
Salary,378013,Employee,No,192,20,75602.6
Rent,67689,Company,No,194I,20,13537.8
Professional,264368,Company,No,194J,20,52873.6
Contractor,91432,Individual,Yes,194C,1,914.32
Interest,425540,Individual,Yes,194A,10,42554.0
Contractor,206312,Individual,No,194C,20,41262.4
Interest,376740,Company,No,194A,20,75348.0
Professional,394944,Company,No,194J,20,78988.8
Interest,42585,Individual,Yes,194A,10,4258.5
Professional,333936,Company,No,194J,20,66787.2
Interest,250111,Individual,No,194A,20,50022.2
Interest,492937,Individual,No,194A,20,98587.4
Rent,331657,Company,Yes,194I,10,33165.7
Contractor,120702,Company,Yes,194C,1,1207.02
Contractor,360097,Individual,Yes,194C,2,7201.94
Professional,457600,Company,No,194J,20,91520.0
Interest,428203,Individual,Yes,194A,10,42820.3
Interest,117165,Individual,Yes,194A,10,11716.5
Professional,124949,Individual,No,194J,20,24989.8
Professional,485164,Company,No,194J,20,97032.8
Rent,443418,Company,No,194I,20,88683.6
Rent,302175,Company,Yes,194I,10,30217.5
Contractor,217281,Company,No,194C,20,43456.2
Rent,101891,Company,No,194I,20,20378.2
Contractor,175242,Individual,No,194C,20,35048.4
Professional,353402,Company,No,194J,20,70680.4
Contractor,54058,Company,No,194C,20,10811.6
Interest,278334,Company,No,194A,20,55666.8
Rent,186117,Individual,Yes,194I,10,18611.7
Salary,494079,Employee,Yes,192,5,24703.95
Salary,407869,Employee,No,192,20,81573.8
Interest,38579,Company,No,194A,20,7715.8
Professional,485156,Company,Yes,194J,10,48515.6
Salary,413965,Employee,No,192,20,82793.0
Salary,177824,Employee,Yes,192,20,35564.8
Rent,212775,Company,No,194I,20,42555.0
Professional,437236,Company,Yes,194J,10,43723.6
Salary,336339,Employee,Yes,192,5,16816.95
Salary,439030,Employee,No,192,20,87806.0
Rent,447658,Company,Yes,194I,10,44765.8
Rent,362177,Individual,Yes,194I,10,36217.7
Interest,427584,Individual,No,194A,20,85516.8
Salary,487434,Employee,Yes,192,30,146230.2
Interest,266484,Company,Yes,194A,10,26648.4
Contractor,308524,Individual,No,194C,20,61704.8
Salary,439585,Employee,Yes,192,10,43958.5
Interest,411393,Individual,No,194A,20,82278.6
Rent,370019,Individual,Yes,194I,10,37001.9
Rent,352416,Company,Yes,194I,10,35241.6
Interest,350541,Company,Yes,194A,10,35054.1
Contractor,102207,Company,Yes,194C,2,2044.14
Rent,326191,Individual,No,194I,20,65238.2
Interest,254714,Individual,No,194A,20,50942.8
Salary,228558,Employee,Yes,192,5,11427.9
Contractor,341796,Individual,No,194C,20,68359.2
Contractor,266790,Company,Yes,194C,2,5335.8
Salary,90325,Employee,No,192,20,18065.0
Professional,53914,Individual,Yes,194J,10,5391.4
Salary,332884,Employee,No,192,20,66576.8
Professional,467142,Company,No,194J,20,93428.4
Rent,76786,Company,Yes,194I,10,7678.6
Salary,223698,Employee,No,192,20,44739.6
Contractor,240087,Company,Yes,194C,2,4801.74
Rent,108816,Company,Yes,194I,10,10881.6
Professional,453828,Individual,No,194J,20,90765.6
Professional,354258,Company,No,194J,20,70851.6
Contractor,477047,Individual,No,194C,20,95409.4
Professional,334893,Company,No,194J,20,66978.6
Contractor,48355,Individual,No,194C,20,9671.0
Rent,133240,Individual,Yes,194I,10,13324.0
Contractor,154922,Company,No,194C,20,30984.4
Professional,251562,Company,No,194J,20,50312.4
Salary,404777,Employee,No,192,20,80955.4
Interest,345566,Company,Yes,194A,10,34556.6
Rent,83277,Individual,No,194I,20,16655.4
Professional,264750,Company,Yes,194J,10,26475.0
Rent,311014,Company,No,194I,20,62202.8
Professional,274734,Company,No,194J,20,54946.8
Interest,59250,Company,No,194A,20,11850.0
Rent,148891,Individual,No,194I,20,29778.2
Rent,329285,Individual,No,194I,20,65857.0
Contractor,367555,Individual,Yes,194C,1,3675.55
Professional,317970,Individual,Yes,194J,10,31797.0
Contractor,268104,Company,No,194C,20,53620.8
Salary,47119,Employee,No,192,20,9423.8
Salary,132288,Employee,No,192,20,26457.6
Rent,454100,Company,Yes,194I,10,45410.0
Contractor,431766,Individual,Yes,194C,2,8635.32
Salary,216608,Employee,No,192,20,43321.6
Contractor,215009,Company,Yes,194C,2,4300.18
Rent,306486,Individual,Yes,194I,10,30648.6
Professional,183739,Individual,No,194J,20,36747.8
Professional,313686,Individual,Yes,194J,10,31368.6
Contractor,142692,Individual,Yes,194C,2,2853.84
Rent,76007,Individual,Yes,194I,10,7600.7
Interest,125593,Company,No,194A,20,25118.6
Professional,340828,Individual,Yes,194J,10,34082.8
Interest,345615,Individual,No,194A,20,69123.0
Contractor,265347,Company,Yes,194C,1,2653.47
Contractor,146511,Company,No,194C,20,29302.2
Salary,41951,Employee,No,192,20,8390.2
Interest,200624,Individual,Yes,194A,10,20062.4
Contractor,259923,Individual,No,194C,20,51984.6
Professional,449916,Individual,Yes,194J,10,44991.6
Salary,213047,Employee,Yes,192,5,10652.35
Contractor,242708,Company,No,194C,20,48541.6
Contractor,486582,Company,No,194C,20,97316.4
Professional,227297,Company,Yes,194J,10,22729.7
Rent,453024,Individual,Yes,194I,10,45302.4
Interest,268591,Individual,Yes,194A,10,26859.1
Professional,82663,Individual,No,194J,20,16532.6
Salary,82812,Employee,No,192,20,16562.4
Professional,406743,Company,Yes,194J,10,40674.3
Interest,275855,Company,No,194A,20,55171.0
Professional,226582,Company,No,194J,20,45316.4
Interest,396354,Company,No,194A,20,79270.8
Contractor,208120,Company,Yes,194C,1,2081.2
Salary,120895,Employee,Yes,192,30,36268.5
Rent,310421,Company,Yes,194I,10,31042.1
Professional,35412,Individual,No,194J,20,7082.4
Salary,104509,Employee,No,192,20,20901.8
Salary,299300,Employee,No,192,20,59860.0
Interest,260136,Company,No,194A,20,52027.2
Rent,194166,Individual,Yes,194I,10,19416.6
Rent,242833,Company,Yes,194I,10,24283.3
Rent,89426,Company,Yes,194I,10,8942.6
Professional,158819,Individual,Yes,194J,10,15881.9
Contractor,359224,Individual,Yes,194C,1,3592.24
Professional,139198,Company,No,194J,20,27839.6
Interest,302821,Individual,Yes,194A,10,30282.1
Salary,55714,Employee,Yes,192,10,5571.4
Salary,58683,Employee,Yes,192,20,11736.6
Rent,42923,Company,No,194I,20,8584.6
Interest,199032,Company,Yes,194A,10,19903.2
Rent,118391,Individual,No,194I,20,23678.2
Rent,431300,Individual,No,194I,20,86260.0
Contractor,116415,Company,No,194C,20,23283.0
Professional,89851,Individual,No,194J,20,17970.2
Professional,242055,Company,No,194J,20,48411.0
Rent,151148,Individual,No,194I,20,30229.6
Rent,227194,Company,Yes,194I,10,22719.4
Contractor,423775,Individual,Yes,194C,2,8475.5
Rent,87809,Individual,No,194I,20,17561.8
Professional,398405,Company,Yes,194J,10,39840.5
Contractor,166117,Company,Yes,194C,2,3322.34
Contractor,337813,Company,No,194C,20,67562.6
Contractor,45467,Individual,No,194C,20,9093.4
Interest,457807,Company,No,194A,20,91561.4
Rent,258622,Individual,Yes,194I,10,25862.2
Rent,397930,Company,No,194I,20,79586.0
Rent,435098,Individual,Yes,194I,10,43509.8
Contractor,366434,Company,No,194C,20,73286.8
Professional,451217,Individual,Yes,194J,10,45121.7
Salary,179029,Employee,No,192,20,35805.8
Salary,249295,Employee,Yes,192,5,12464.75
Professional,146528,Individual,No,194J,20,29305.6
Rent,129734,Individual,Yes,194I,10,12973.4
Contractor,263284,Individual,Yes,194C,1,2632.84
Professional,189976,Individual,Yes,194J,10,18997.6
Interest,471602,Company,Yes,194A,10,47160.2
Interest,24690,Individual,Yes,194A,10,2469.0
Interest,56778,Company,No,194A,20,11355.6
Contractor,391479,Company,No,194C,20,78295.8
Professional,344771,Individual,No,194J,20,68954.2
Contractor,89950,Company,Yes,194C,2,1799.0
Salary,480393,Employee,Yes,192,30,144117.9
Professional,91458,Individual,Yes,194J,10,9145.8
Rent,327671,Individual,Yes,194I,10,32767.1
Professional,233403,Company,Yes,194J,10,23340.3
Rent,363014,Individual,No,194I,20,72602.8
Interest,166739,Company,Yes,194A,10,16673.9
Salary,69241,Employee,Yes,192,5,3462.05
Interest,205648,Company,Yes,194A,10,20564.8
Contractor,242489,Company,Yes,194C,2,4849.78
Contractor,61121,Company,No,194C,20,12224.2
Salary,71612,Employee,Yes,192,5,3580.6
Interest,94086,Company,Yes,194A,10,9408.6
Interest,23852,Company,Yes,194A,10,2385.2
Professional,86338,Individual,Yes,194J,10,8633.8
Salary,262653,Employee,Yes,192,10,26265.3
Rent,487808,Individual,Yes,194I,10,48780.8
Rent,448659,Individual,Yes,194I,10,44865.9
Professional,225681,Individual,No,194J,20,45136.2
Salary,464206,Employee,Yes,192,20,92841.2
Interest,380138,Company,Yes,194A,10,38013.8
Rent,403557,Individual,Yes,194I,10,40355.7
Rent,337526,Individual,Yes,194I,10,33752.6
Rent,97566,Company,No,194I,20,19513.2
Professional,99770,Individual,Yes,194J,10,9977.0
Rent,188365,Individual,No,194I,20,37673.0
Salary,224572,Employee,No,192,20,44914.4
Rent,99805,Individual,Yes,194I,10,9980.5
Rent,49505,Individual,Yes,194I,10,4950.5
Professional,128761,Company,No,194J,20,25752.2
Professional,483097,Individual,No,194J,20,96619.4
Salary,253186,Employee,Yes,192,5,12659.3
Rent,114314,Individual,Yes,194I,10,11431.4
Salary,236128,Employee,No,192,20,47225.6
Salary,30298,Employee,No,192,20,6059.6
Salary,274824,Employee,No,192,20,54964.8
Interest,32558,Individual,Yes,194A,10,3255.8
Contractor,259875,Individual,No,194C,20,51975.0
Interest,232301,Individual,Yes,194A,10,23230.1
Salary,421522,Employee,Yes,192,30,126456.6
Interest,388046,Individual,Yes,194A,10,38804.6
Rent,97279,Company,No,194I,20,19455.8
Salary,179160,Employee,Yes,192,30,53748.0
Rent,92423,Individual,Yes,194I,10,9242.3
Salary,219248,Employee,No,192,20,43849.6
Professional,130231,Company,No,194J,20,26046.2
Contractor,248253,Company,Yes,194C,2,4965.06
Interest,407259,Company,No,194A,20,81451.8
Rent,335516,Company,No,194I,20,67103.2
Salary,405988,Employee,No,192,20,81197.6
Interest,260247,Company,Yes,194A,10,26024.7
Interest,321544,Individual,Yes,194A,10,32154.4
Interest,254996,Individual,Yes,194A,10,25499.6
Interest,490051,Company,No,194A,20,98010.2
Contractor,352505,Individual,No,194C,20,70501.0
Interest,382202,Company,Yes,194A,10,38220.2
Interest,256883,Company,Yes,194A,10,25688.3
Contractor,192798,Company,No,194C,20,38559.6
Professional,186153,Company,No,194J,20,37230.6
Contractor,110439,Company,No,194C,20,22087.8
Professional,113570,Company,No,194J,20,22714.0
Rent,165072,Individual,Yes,194I,10,16507.2
Salary,313138,Employee,No,192,20,62627.6
Salary,320463,Employee,Yes,192,20,64092.6
Contractor,93893,Individual,Yes,194C,1,938.93
Interest,342544,Company,Yes,194A,10,34254.4
Rent,223120,Individual,Yes,194I,10,22312.0
Salary,38388,Employee,No,192,20,7677.6
Interest,209959,Company,No,194A,20,41991.8
Salary,202496,Employee,No,192,20,40499.2
Professional,467397,Company,Yes,194J,10,46739.7
Contractor,295916,Individual,No,194C,20,59183.2
Contractor,276199,Individual,Yes,194C,2,5523.98
Interest,406559,Company,Yes,194A,10,40655.9
Rent,208714,Company,No,194I,20,41742.8
Rent,79109,Individual,Yes,194I,10,7910.9
Professional,168034,Company,No,194J,20,33606.8
Rent,421595,Individual,Yes,194I,10,42159.5
Professional,222725,Individual,Yes,194J,10,22272.5
Professional,492205,Individual,No,194J,20,98441.0
Interest,426485,Individual,Yes,194A,10,42648.5
Interest,152568,Individual,No,194A,20,30513.6
Interest,226261,Individual,Yes,194A,10,22626.1
Professional,95510,Company,Yes,194J,10,9551.0
Rent,271855,Individual,No,194I,20,54371.0
Salary,254587,Employee,Yes,192,10,25458.7
Contractor,492340,Individual,No,194C,20,98468.0
Professional,248472,Individual,Yes,194J,10,24847.2
Salary,382465,Employee,No,192,20,76493.0
Contractor,160406,Company,No,194C,20,32081.2
Contractor,474791,Company,Yes,194C,2,9495.82
Salary,129103,Employee,No,192,20,25820.6
Professional,120432,Company,No,194J,20,24086.4
Interest,277525,Company,Yes,194A,10,27752.5
Salary,317293,Employee,No,192,20,63458.6
Professional,186907,Individual,No,194J,20,37381.4
Contractor,89522,Individual,No,194C,20,17904.4
Salary,426180,Employee,Yes,192,10,42618.0
Rent,44561,Company,No,194I,20,8912.2
Salary,415667,Employee,No,192,20,83133.4
Professional,24016,Individual,Yes,194J,10,2401.6
Interest,181820,Company,Yes,194A,10,18182.0
Interest,188661,Individual,Yes,194A,10,18866.1
Interest,329807,Company,Yes,194A,10,32980.7
Professional,235199,Individual,No,194J,20,47039.8
Rent,129007,Individual,No,194I,20,25801.4
Rent,23386,Company,No,194I,20,4677.2
Contractor,434773,Company,No,194C,20,86954.6
Professional,153069,Individual,Yes,194J,10,15306.9
Professional,465506,Company,Yes,194J,10,46550.6
Interest,240078,Individual,Yes,194A,10,24007.8
Contractor,28774,Individual,Yes,194C,2,575.48
Salary,309908,Employee,Yes,192,20,61981.6
Contractor,282432,Individual,Yes,194C,2,5648.64
Professional,391659,Individual,Yes,194J,10,39165.9
Professional,377025,Company,Yes,194J,10,37702.5
Contractor,399672,Company,Yes,194C,1,3996.72
Contractor,453242,Company,Yes,194C,1,4532.42
Interest,441296,Individual,No,194A,20,88259.2
Professional,131808,Individual,No,194J,20,26361.6
Salary,315997,Employee,Yes,192,5,15799.85
Salary,23166,Employee,Yes,192,10,2316.6
Interest,340138,Individual,No,194A,20,68027.6
Rent,242957,Individual,Yes,194I,10,24295.7
Professional,357088,Company,Yes,194J,10,35708.8
Professional,440960,Company,No,194J,20,88192.0
Rent,215833,Individual,Yes,194I,10,21583.3
Interest,331908,Individual,No,194A,20,66381.6
Interest,70840,Individual,Yes,194A,10,7084.0
Professional,92882,Company,No,194J,20,18576.4
Professional,50079,Company,Yes,194J,10,5007.9
Interest,402403,Individual,No,194A,20,80480.6
Interest,182065,Individual,Yes,194A,10,18206.5
Professional,267649,Individual,Yes,194J,10,26764.9
Rent,225865,Individual,Yes,194I,10,22586.5
Rent,396188,Company,Yes,194I,10,39618.8
Interest,405017,Individual,No,194A,20,81003.4
Contractor,440065,Company,Yes,194C,1,4400.65
Interest,356330,Individual,No,194A,20,71266.0
Contractor,282695,Company,Yes,194C,2,5653.9
Interest,466797,Individual,No,194A,20,93359.4
Rent,140883,Company,Yes,194I,10,14088.3
Professional,48191,Company,No,194J,20,9638.2
Interest,494762,Individual,Yes,194A,10,49476.2
Rent,40790,Company,No,194I,20,8158.0
Interest,266624,Company,Yes,194A,10,26662.4
Contractor,340024,Company,No,194C,20,68004.8
Salary,386493,Employee,Yes,192,30,115947.9
Interest,75385,Individual,No,194A,20,15077.0
Contractor,300154,Company,Yes,194C,2,6003.08
Salary,42646,Employee,Yes,192,20,8529.2
Salary,489890,Employee,Yes,192,10,48989.0
Rent,491537,Individual,No,194I,20,98307.4
Interest,108281,Company,Yes,194A,10,10828.1
Salary,215594,Employee,No,192,20,43118.8
Salary,51490,Employee,Yes,192,30,15447.0
Interest,242925,Individual,No,194A,20,48585.0
Professional,141838,Individual,Yes,194J,10,14183.8
Professional,103088,Individual,No,194J,20,20617.6
Contractor,398759,Individual,No,194C,20,79751.8
Interest,448205,Individual,Yes,194A,10,44820.5
Interest,107988,Company,No,194A,20,21597.6
Salary,108382,Employee,Yes,192,5,5419.1
Salary,422791,Employee,Yes,192,20,84558.2
Rent,128919,Individual,No,194I,20,25783.8
Contractor,317387,Company,Yes,194C,2,6347.74
Interest,422925,Individual,Yes,194A,10,42292.5
Professional,494372,Company,No,194J,20,98874.4
Professional,479623,Company,Yes,194J,10,47962.3
Professional,54079,Company,Yes,194J,10,5407.9
Salary,114069,Employee,No,192,20,22813.8
Contractor,447351,Individual,Yes,194C,2,8947.02
Interest,281953,Individual,No,194A,20,56390.6
Rent,27924,Company,No,194I,20,5584.8
Salary,226962,Employee,No,192,20,45392.4
Contractor,339914,Individual,No,194C,20,67982.8
Rent,293014,Individual,No,194I,20,58602.8
Interest,101792,Company,No,194A,20,20358.4
Interest,193230,Individual,No,194A,20,38646.0
Salary,428578,Employee,No,192,20,85715.6
Interest,69590,Company,Yes,194A,10,6959.0
Rent,385427,Individual,Yes,194I,10,38542.7
Contractor,250076,Company,Yes,194C,2,5001.52
Interest,155666,Individual,No,194A,20,31133.2
Salary,372149,Employee,No,192,20,74429.8
Contractor,23165,Company,Yes,194C,1,231.65
Professional,139782,Individual,No,194J,20,27956.4
Rent,189325,Company,Yes,194I,10,18932.5
Contractor,263887,Individual,Yes,194C,1,2638.87
Salary,408795,Employee,No,192,20,81759.0
Professional,91581,Individual,No,194J,20,18316.2
Rent,189708,Company,Yes,194I,10,18970.8
Salary,122757,Employee,Yes,192,5,6137.85
Rent,85741,Company,No,194I,20,17148.2
Rent,323575,Individual,No,194I,20,64715.0
Professional,460839,Company,Yes,194J,10,46083.9
Interest,246552,Company,No,194A,20,49310.4
Contractor,186743,Company,No,194C,20,37348.6
Salary,247382,Employee,Yes,192,20,49476.4
Interest,291902,Individual,Yes,194A,10,29190.2
Contractor,89989,Company,Yes,194C,2,1799.78
Interest,223694,Individual,Yes,194A,10,22369.4
Interest,121935,Individual,No,194A,20,24387.0
Professional,286910,Individual,No,194J,20,57382.0
Rent,397524,Individual,Yes,194I,10,39752.4
Interest,288643,Company,Yes,194A,10,28864.3
Professional,310197,Individual,No,194J,20,62039.4
Rent,24464,Company,No,194I,20,4892.8
Interest,396795,Company,No,194A,20,79359.0
Interest,403384,Individual,Yes,194A,10,40338.4
Salary,347430,Employee,No,192,20,69486.0
Professional,226332,Individual,No,194J,20,45266.4
Rent,180541,Individual,Yes,194I,10,18054.1
Professional,259522,Individual,No,194J,20,51904.4
Rent,177590,Company,No,194I,20,35518.0
Contractor,103162,Individual,Yes,194C,2,2063.24
Contractor,438698,Individual,Yes,194C,2,8773.96
Contractor,179987,Individual,Yes,194C,1,1799.87
Contractor,430096,Company,Yes,194C,1,4300.96
Salary,238571,Employee,No,192,20,47714.2
Salary,411924,Employee,No,192,20,82384.8
Contractor,462680,Company,Yes,194C,1,4626.8
Rent,264727,Individual,Yes,194I,10,26472.7
Rent,43803,Individual,No,194I,20,8760.6
Contractor,381240,Company,Yes,194C,1,3812.4
Interest,196258,Individual,Yes,194A,10,19625.8
Salary,70143,Employee,Yes,192,30,21042.9
Salary,285520,Employee,No,192,20,57104.0
Interest,393900,Individual,No,194A,20,78780.0
Professional,211567,Individual,Yes,194J,10,21156.7
Rent,205607,Individual,Yes,194I,10,20560.7
Professional,427804,Company,No,194J,20,85560.8
Professional,221960,Company,Yes,194J,10,22196.0
Professional,299774,Company,Yes,194J,10,29977.4
Rent,203724,Individual,Yes,194I,10,20372.4
Professional,466148,Company,Yes,194J,10,46614.8
Contractor,37310,Company,Yes,194C,2,746.2
Rent,43442,Individual,No,194I,20,8688.4
Salary,26164,Employee,Yes,192,10,2616.4
Interest,146004,Individual,Yes,194A,10,14600.4
Contractor,128551,Individual,No,194C,20,25710.2
Professional,135885,Individual,Yes,194J,10,13588.5
Interest,212031,Individual,No,194A,20,42406.2
Professional,72959,Individual,Yes,194J,10,7295.9
Salary,366948,Employee,No,192,20,73389.6
Salary,382190,Employee,No,192,20,76438.0
Professional,284724,Company,Yes,194J,10,28472.4
Interest,38160,Company,No,194A,20,7632.0
Rent,319173,Individual,Yes,194I,10,31917.3
Interest,159913,Company,No,194A,20,31982.6
Rent,392374,Individual,Yes,194I,10,39237.4
Salary,337715,Employee,No,192,20,67543.0
Interest,343695,Company,No,194A,20,68739.0
Interest,305889,Individual,Yes,194A,10,30588.9
Salary,330492,Employee,No,192,20,66098.4
Interest,313164,Individual,Yes,194A,10,31316.4
Interest,83320,Individual,Yes,194A,10,8332.0
Salary,309703,Employee,Yes,192,30,92910.9
Professional,302135,Individual,Yes,194J,10,30213.5
Rent,412824,Company,Yes,194I,10,41282.4
Contractor,33964,Company,Yes,194C,2,679.28
Rent,97441,Individual,Yes,194I,10,9744.1
Salary,26108,Employee,No,192,20,5221.6
Professional,201130,Company,No,194J,20,40226.0
Salary,414406,Employee,No,192,20,82881.2
Interest,214065,Individual,No,194A,20,42813.0
Interest,173350,Company,Yes,194A,10,17335.0
Contractor,327986,Company,Yes,194C,2,6559.72
Rent,59190,Individual,No,194I,20,11838.0
Salary,271750,Employee,No,192,20,54350.0
Professional,32654,Company,Yes,194J,10,3265.4
Salary,321717,Employee,Yes,192,5,16085.85
Rent,120166,Individual,No,194I,20,24033.2
Interest,109848,Individual,Yes,194A,10,10984.8
Rent,444943,Individual,No,194I,20,88988.6
Professional,55779,Company,No,194J,20,11155.8
Interest,67612,Company,No,194A,20,13522.4
Rent,457830,Company,Yes,194I,10,45783.0
Rent,352070,Individual,Yes,194I,10,35207.0
Salary,270608,Employee,Yes,192,20,54121.6
Professional,227042,Individual,No,194J,20,45408.4
Contractor,134381,Company,Yes,194C,1,1343.81
Interest,171857,Individual,Yes,194A,10,17185.7
Salary,163216,Employee,No,192,20,32643.2
Salary,131131,Employee,Yes,192,20,26226.2
Rent,491332,Individual,Yes,194I,10,49133.2
Contractor,480886,Individual,No,194C,20,96177.2
Rent,487326,Company,No,194I,20,97465.2
Salary,213679,Employee,Yes,192,30,64103.7
Rent,151006,Individual,Yes,194I,10,15100.6
Rent,154251,Individual,No,194I,20,30850.2
Professional,55404,Company,Yes,194J,10,5540.4
Interest,295410,Individual,Yes,194A,10,29541.0
Contractor,108398,Company,Yes,194C,2,2167.96
Professional,315576,Company,Yes,194J,10,31557.6
Rent,44654,Company,No,194I,20,8930.8
Rent,490672,Individual,No,194I,20,98134.4
Rent,266112,Company,Yes,194I,10,26611.2
Interest,173794,Company,No,194A,20,34758.8
Salary,315547,Employee,Yes,192,30,94664.1
Salary,140530,Employee,Yes,192,5,7026.5
Rent,410051,Company,Yes,194I,10,41005.1
Professional,453998,Company,No,194J,20,90799.6
Interest,93670,Individual,No,194A,20,18734.0
Professional,295450,Individual,Yes,194J,10,29545.0
Rent,425924,Individual,Yes,194I,10,42592.4
Rent,37661,Individual,No,194I,20,7532.2
Professional,325451,Individual,Yes,194J,10,32545.1
Interest,79645,Individual,Yes,194A,10,7964.5
Interest,319414,Individual,Yes,194A,10,31941.4
Professional,149802,Company,Yes,194J,10,14980.2
Professional,379246,Company,Yes,194J,10,37924.6
Professional,107895,Individual,Yes,194J,10,10789.5
Interest,470198,Individual,No,194A,20,94039.6
Contractor,196918,Individual,Yes,194C,2,3938.36
Professional,127970,Individual,No,194J,20,25594.0
Professional,300306,Individual,No,194J,20,60061.2
Professional,343490,Individual,Yes,194J,10,34349.0
Rent,243701,Company,Yes,194I,10,24370.1
Interest,378428,Company,No,194A,20,75685.6
Interest,363226,Individual,No,194A,20,72645.2
Rent,56845,Company,No,194I,20,11369.0
Salary,423268,Employee,No,192,20,84653.6
Salary,342586,Employee,No,192,20,68517.2
Professional,457456,Company,Yes,194J,10,45745.6
Salary,160373,Employee,No,192,20,32074.6
Professional,458758,Company,Yes,194J,10,45875.8
Contractor,43945,Company,No,194C,20,8789.0
Contractor,195812,Company,No,194C,20,39162.4
Salary,116454,Employee,Yes,192,5,5822.7
Professional,124415,Individual,No,194J,20,24883.0
Rent,452775,Company,No,194I,20,90555.0
Interest,47140,Individual,No,194A,20,9428.0
Rent,40023,Company,Yes,194I,10,4002.3
Professional,444261,Company,No,194J,20,88852.2
Salary,309782,Employee,Yes,192,5,15489.1
Interest,380055,Individual,No,194A,20,76011.0
Rent,88081,Company,Yes,194I,10,8808.1
Rent,68252,Company,No,194I,20,13650.4
Contractor,22574,Company,No,194C,20,4514.8
Salary,182048,Employee,Yes,192,30,54614.4
Salary,322669,Employee,No,192,20,64533.8
Rent,252450,Individual,Yes,194I,10,25245.0
Contractor,204797,Individual,No,194C,20,40959.4
Rent,183433,Individual,Yes,194I,10,18343.3
Professional,40922,Company,Yes,194J,10,4092.2
Salary,314431,Employee,No,192,20,62886.2
Professional,428384,Company,No,194J,20,85676.8
Salary,32339,Employee,No,192,20,6467.8
Contractor,352747,Company,No,194C,20,70549.4
Salary,438413,Employee,Yes,192,5,21920.65
Rent,384152,Company,Yes,194I,10,38415.2
Professional,226043,Individual,No,194J,20,45208.6
Contractor,105100,Company,No,194C,20,21020.0
Rent,466905,Individual,Yes,194I,10,46690.5
Rent,488047,Individual,Yes,194I,10,48804.7
Rent,54688,Individual,No,194I,20,10937.6
Salary,121344,Employee,No,192,20,24268.8
Professional,100172,Company,No,194J,20,20034.4
Contractor,436708,Individual,Yes,194C,2,8734.16
Rent,191499,Company,Yes,194I,10,19149.9
Interest,41286,Company,No,194A,20,8257.2
Interest,406716,Company,Yes,194A,10,40671.6
Professional,392593,Individual,Yes,194J,10,39259.3
Contractor,484595,Company,Yes,194C,1,4845.95
Contractor,164724,Company,Yes,194C,2,3294.48
Rent,404186,Individual,Yes,194I,10,40418.6
Contractor,237463,Company,No,194C,20,47492.6
Rent,95478,Company,No,194I,20,19095.6
Contractor,423606,Individual,No,194C,20,84721.2
Rent,278423,Company,Yes,194I,10,27842.3
Interest,408888,Company,Yes,194A,10,40888.8
Professional,90902,Company,Yes,194J,10,9090.2
Rent,418401,Company,No,194I,20,83680.2
Contractor,88426,Company,Yes,194C,2,1768.52
Interest,311884,Individual,Yes,194A,10,31188.4
Salary,339294,Employee,Yes,192,20,67858.8
Contractor,468994,Individual,No,194C,20,93798.8
Rent,249249,Individual,No,194I,20,49849.8
Contractor,28331,Individual,No,194C,20,5666.2
Professional,464551,Individual,No,194J,20,92910.2
Interest,452438,Company,No,194A,20,90487.6
Salary,133155,Employee,No,192,20,26631.0
Interest,209826,Company,Yes,194A,10,20982.6
Contractor,315719,Company,No,194C,20,63143.8
Professional,284697,Company,Yes,194J,10,28469.7
Rent,498380,Individual,No,194I,20,99676.0
Rent,435631,Company,No,194I,20,87126.2
Rent,74165,Individual,Yes,194I,10,7416.5
Salary,72786,Employee,Yes,192,10,7278.6
Rent,114981,Individual,Yes,194I,10,11498.1
Contractor,107411,Individual,No,194C,20,21482.2
Rent,462350,Company,Yes,194I,10,46235.0
Interest,393054,Company,Yes,194A,10,39305.4
Contractor,365728,Individual,Yes,194C,2,7314.56
Professional,149546,Individual,Yes,194J,10,14954.6
Interest,472440,Company,Yes,194A,10,47244.0
Interest,70343,Company,No,194A,20,14068.6
Salary,129392,Employee,Yes,192,20,25878.4
Contractor,165176,Individual,Yes,194C,1,1651.76
Contractor,414177,Company,No,194C,20,82835.4
Salary,449521,Employee,No,192,20,89904.2
Salary,158121,Employee,No,192,20,31624.2
Contractor,27946,Individual,No,194C,20,5589.2
Rent,495566,Company,Yes,194I,10,49556.6
Interest,497303,Individual,Yes,194A,10,49730.3
Contractor,406505,Company,No,194C,20,81301.0
Professional,157672,Individual,Yes,194J,10,15767.2
Rent,22931,Company,Yes,194I,10,2293.1
Interest,342798,Individual,No,194A,20,68559.6
Salary,153653,Employee,Yes,192,10,15365.3
Rent,183429,Individual,Yes,194I,10,18342.9
Contractor,50586,Company,Yes,194C,2,1011.72
Interest,70858,Individual,Yes,194A,10,7085.8
Professional,23855,Company,No,194J,20,4771.0
Contractor,161236,Individual,No,194C,20,32247.2
Contractor,196142,Company,Yes,194C,2,3922.84
Salary,255313,Employee,Yes,192,30,76593.9
Rent,89952,Company,No,194I,20,17990.4
Professional,93896,Individual,Yes,194J,10,9389.6
Rent,483995,Individual,Yes,194I,10,48399.5
Salary,158778,Employee,Yes,192,10,15877.8
Contractor,389230,Individual,Yes,194C,2,7784.6
Professional,445085,Company,No,194J,20,89017.0
Salary,454509,Employee,No,192,20,90901.8
Interest,396250,Company,No,194A,20,79250.0
Rent,271771,Company,No,194I,20,54354.2
Professional,33901,Company,No,194J,20,6780.2
Salary,280433,Employee,Yes,192,20,56086.6
Salary,336680,Employee,Yes,192,20,67336.0
Salary,103116,Employee,Yes,192,30,30934.8
Salary,281465,Employee,Yes,192,10,28146.5
Interest,479016,Company,No,194A,20,95803.2
Interest,248437,Company,Yes,194A,10,24843.7
Interest,258166,Individual,Yes,194A,10,25816.6
Professional,313291,Individual,Yes,194J,10,31329.1
Professional,97301,Individual,No,194J,20,19460.2
Contractor,402005,Company,Yes,194C,2,8040.1
Salary,305390,Employee,No,192,20,61078.0
Contractor,204548,Company,Yes,194C,1,2045.48
Professional,402927,Individual,Yes,194J,10,40292.7
Contractor,237277,Individual,No,194C,20,47455.4
Interest,52405,Individual,Yes,194A,10,5240.5
Salary,106623,Employee,Yes,192,10,10662.3
Contractor,58879,Company,Yes,194C,2,1177.58
Contractor,456009,Individual,Yes,194C,1,4560.09
Contractor,55524,Individual,Yes,194C,1,555.24
Contractor,82820,Company,No,194C,20,16564.0
Rent,121864,Individual,No,194I,20,24372.8
Professional,422913,Company,No,194J,20,84582.6
Salary,459617,Employee,Yes,192,5,22980.85
Rent,264599,Company,Yes,194I,10,26459.9
Salary,181198,Employee,Yes,192,20,36239.6
Professional,317418,Individual,No,194J,20,63483.6
Contractor,180000,Individual,No,194C,20,36000.0
Contractor,223571,Company,Yes,194C,1,2235.71
Salary,126411,Employee,Yes,192,30,37923.3
Salary,396434,Employee,Yes,192,5,19821.7
Salary,393032,Employee,Yes,192,30,117909.6
Contractor,282192,Individual,Yes,194C,2,5643.84
Contractor,366307,Company,Yes,194C,1,3663.07
Professional,228104,Individual,Yes,194J,10,22810.4
Interest,99220,Company,No,194A,20,19844.0
Contractor,413291,Company,Yes,194C,1,4132.91
Rent,230672,Individual,No,194I,20,46134.4
Salary,382995,Employee,Yes,192,5,19149.75
Rent,356451,Company,Yes,194I,10,35645.1
Salary,413272,Employee,Yes,192,5,20663.6
Salary,185274,Employee,No,192,20,37054.8
Professional,84201,Company,Yes,194J,10,8420.1
Salary,215120,Employee,Yes,192,5,10756.0
Professional,130041,Company,Yes,194J,10,13004.1
Salary,384851,Employee,No,192,20,76970.2
Interest,413890,Individual,No,194A,20,82778.0
Contractor,430277,Individual,Yes,194C,1,4302.77
Interest,31360,Company,Yes,194A,10,3136.0
Contractor,330017,Company,Yes,194C,1,3300.17
Salary,283382,Employee,No,192,20,56676.4
Salary,125564,Employee,Yes,192,30,37669.2
Professional,305714,Company,No,194J,20,61142.8
Professional,263252,Individual,No,194J,20,52650.4
Contractor,65931,Company,No,194C,20,13186.2
Professional,67813,Individual,Yes,194J,10,6781.3
Rent,489746,Individual,Yes,194I,10,48974.6
Contractor,307165,Company,No,194C,20,61433.0
Salary,420431,Employee,No,192,20,84086.2
Salary,258836,Employee,Yes,192,30,77650.8
Interest,152117,Individual,Yes,194A,10,15211.7
Interest,484114,Individual,Yes,194A,10,48411.4
Professional,236511,Company,Yes,194J,10,23651.1
Interest,258856,Company,Yes,194A,10,25885.6
Rent,293470,Company,No,194I,20,58694.0
Rent,410223,Company,Yes,194I,10,41022.3
Rent,28398,Company,No,194I,20,5679.6
Contractor,331396,Individual,Yes,194C,1,3313.96
Professional,203868,Individual,Yes,194J,10,20386.8
Salary,318815,Employee,Yes,192,30,95644.5
Interest,463888,Company,No,194A,20,92777.6
Professional,274511,Individual,Yes,194J,10,27451.1
Contractor,278493,Individual,No,194C,20,55698.6
Rent,282338,Individual,No,194I,20,56467.6
Salary,316278,Employee,Yes,192,30,94883.4
Interest,123198,Individual,No,194A,20,24639.6
Contractor,38294,Individual,No,194C,20,7658.8
Interest,325311,Company,Yes,194A,10,32531.1
Professional,123677,Company,Yes,194J,10,12367.7
Contractor,343264,Individual,No,194C,20,68652.8
Rent,25685,Company,No,194I,20,5137.0
Contractor,460086,Individual,Yes,194C,2,9201.72
Salary,382812,Employee,No,192,20,76562.4
Contractor,495985,Individual,No,194C,20,99197.0
Rent,408333,Individual,No,194I,20,81666.6
Rent,400914,Company,Yes,194I,10,40091.4
Salary,405967,Employee,No,192,20,81193.4
Salary,283840,Employee,Yes,192,10,28384.0
Rent,74826,Company,Yes,194I,10,7482.6
Contractor,267614,Company,No,194C,20,53522.8
Professional,63668,Company,No,194J,20,12733.6
Interest,489454,Company,No,194A,20,97890.8
Rent,462933,Individual,Yes,194I,10,46293.3
Salary,265102,Employee,No,192,20,53020.4
Professional,331203,Individual,No,194J,20,66240.6
Rent,75745,Company,Yes,194I,10,7574.5
Professional,414995,Company,No,194J,20,82999.0
Salary,80329,Employee,No,192,20,16065.8
Salary,349352,Employee,No,192,20,69870.4
Interest,210420,Company,Yes,194A,10,21042.0
Rent,473250,Individual,No,194I,20,94650.0
Professional,175197,Company,Yes,194J,10,17519.7
Contractor,138701,Individual,Yes,194C,1,1387.01
Rent,184437,Company,Yes,194I,10,18443.7
Contractor,299467,Individual,Yes,194C,1,2994.67
Contractor,42347,Company,No,194C,20,8469.4
Salary,98665,Employee,Yes,192,10,9866.5
Contractor,115944,Company,Yes,194C,2,2318.88
Interest,429792,Individual,No,194A,20,85958.4
Interest,187244,Individual,No,194A,20,37448.8
Interest,283711,Individual,Yes,194A,10,28371.1
Professional,336892,Individual,Yes,194J,10,33689.2
Rent,451893,Individual,No,194I,20,90378.6
Professional,363579,Individual,Yes,194J,10,36357.9
Professional,189116,Company,No,194J,20,37823.2
Salary,476179,Employee,Yes,192,5,23808.95
Rent,436834,Company,No,194I,20,87366.8
Professional,129236,Individual,Yes,194J,10,12923.6
Salary,321992,Employee,No,192,20,64398.4
Salary,117214,Employee,No,192,20,23442.8
Rent,164630,Individual,Yes,194I,10,16463.0
Professional,419137,Individual,Yes,194J,10,41913.7
Contractor,41677,Company,Yes,194C,2,833.54
Interest,278302,Company,Yes,194A,10,27830.2
Contractor,58096,Company,No,194C,20,11619.2
Interest,126973,Company,No,194A,20,25394.6
Professional,143824,Company,No,194J,20,28764.8
Rent,190404,Individual,Yes,194I,10,19040.4
Salary,392023,Employee,Yes,192,30,117606.9
Salary,324885,Employee,No,192,20,64977.0
Salary,242587,Employee,No,192,20,48517.4
Professional,339467,Company,Yes,194J,10,33946.7
Salary,36960,Employee,Yes,192,5,1848.0
Salary,285937,Employee,No,192,20,57187.4
Interest,488637,Company,No,194A,20,97727.4
Professional,328428,Company,No,194J,20,65685.6
Interest,178274,Individual,Yes,194A,10,17827.4
Interest,23488,Individual,Yes,194A,10,2348.8
Salary,473829,Employee,Yes,192,30,142148.7
Salary,326959,Employee,No,192,20,65391.8
Professional,283032,Company,No,194J,20,56606.4
Rent,212915,Company,No,194I,20,42583.0
Salary,269224,Employee,Yes,192,10,26922.4
Salary,403920,Employee,Yes,192,10,40392.0
Rent,462343,Individual,No,194I,20,92468.6
Rent,345514,Individual,Yes,194I,10,34551.4
Rent,415140,Individual,Yes,194I,10,41514.0
Interest,49968,Individual,Yes,194A,10,4996.8
Contractor,462396,Individual,No,194C,20,92479.2
Interest,218829,Company,No,194A,20,43765.8
Interest,108762,Company,No,194A,20,21752.4
Salary,145114,Employee,Yes,192,10,14511.4
Contractor,339960,Company,Yes,194C,1,3399.6
Interest,168643,Individual,No,194A,20,33728.6
Professional,437839,Individual,No,194J,20,87567.8
Contractor,229597,Individual,No,194C,20,45919.4
Professional,300224,Company,No,194J,20,60044.8
Professional,56193,Individual,Yes,194J,10,5619.3
Rent,364239,Individual,Yes,194I,10,36423.9
Contractor,366347,Individual,Yes,194C,1,3663.47
Contractor,62515,Company,Yes,194C,2,1250.3
Professional,479662,Individual,No,194J,20,95932.4
Professional,127124,Individual,No,194J,20,25424.8
Contractor,343983,Individual,Yes,194C,1,3439.83
Contractor,103909,Company,No,194C,20,20781.8
Rent,27514,Individual,No,194I,20,5502.8
Salary,469823,Employee,No,192,20,93964.6
Professional,495826,Individual,No,194J,20,99165.2
Salary,167479,Employee,Yes,192,5,8373.95
Contractor,105644,Individual,No,194C,20,21128.8
Contractor,144232,Individual,No,194C,20,28846.4
Salary,320182,Employee,No,192,20,64036.4
Salary,188691,Employee,No,192,20,37738.2
Professional,75008,Company,No,194J,20,15001.6
Contractor,303492,Individual,No,194C,20,60698.4
Contractor,104204,Individual,Yes,194C,1,1042.04
Rent,82657,Company,No,194I,20,16531.4
Salary,135520,Employee,No,192,20,27104.0
Professional,142306,Individual,Yes,194J,10,14230.6
Rent,189002,Individual,Yes,194I,10,18900.2
Interest,42702,Individual,No,194A,20,8540.4
Interest,423534,Company,No,194A,20,84706.8
Salary,374344,Employee,Yes,192,30,112303.2
Interest,308462,Individual,Yes,194A,10,30846.2
Interest,210038,Individual,No,194A,20,42007.6
Rent,434174,Individual,No,194I,20,86834.8
Contractor,246184,Company,No,194C,20,49236.8
Interest,355828,Company,Yes,194A,10,35582.8
Contractor,114493,Company,Yes,194C,1,1144.93
Interest,254940,Company,Yes,194A,10,25494.0
Salary,354943,Employee,Yes,192,20,70988.6
Interest,208692,Individual,Yes,194A,10,20869.2
Rent,204263,Individual,No,194I,20,40852.6
Interest,240603,Individual,No,194A,20,48120.6
Rent,397569,Individual,No,194I,20,79513.8
Professional,488988,Individual,No,194J,20,97797.6
Interest,242439,Individual,No,194A,20,48487.8
Interest,335409,Individual,Yes,194A,10,33540.9
Contractor,373339,Individual,No,194C,20,74667.8
Interest,151308,Individual,Yes,194A,10,15130.8
Interest,115828,Individual,Yes,194A,10,11582.8
Contractor,200040,Company,Yes,194C,2,4000.8
Rent,258605,Individual,No,194I,20,51721.0
Interest,342609,Company,Yes,194A,10,34260.9
Salary,156864,Employee,Yes,192,30,47059.2
Interest,381960,Company,Yes,194A,10,38196.0
Professional,67490,Company,Yes,194J,10,6749.0
Professional,210436,Individual,No,194J,20,42087.2
Rent,349121,Company,No,194I,20,69824.2
Interest,236255,Company,No,194A,20,47251.0
Professional,179900,Company,No,194J,20,35980.0
Professional,186169,Individual,No,194J,20,37233.8
Professional,284058,Company,Yes,194J,10,28405.8
Interest,142174,Individual,No,194A,20,28434.8
Rent,465452,Company,No,194I,20,93090.4
Salary,225784,Employee,No,192,20,45156.8
Salary,23993,Employee,No,192,20,4798.6
Interest,116391,Company,No,194A,20,23278.2
Interest,69096,Company,Yes,194A,10,6909.6
Salary,497612,Employee,No,192,20,99522.4
Professional,215942,Company,No,194J,20,43188.4
Interest,274295,Individual,No,194A,20,54859.0
Contractor,401127,Company,No,194C,20,80225.4
Salary,21317,Employee,Yes,192,20,4263.4
Interest,240434,Company,Yes,194A,10,24043.4
Rent,225092,Individual,No,194I,20,45018.4
Rent,248710,Company,No,194I,20,49742.0
Rent,122109,Company,Yes,194I,10,12210.9
Professional,169151,Individual,Yes,194J,10,16915.1
Rent,368045,Company,No,194I,20,73609.0
Professional,438623,Individual,No,194J,20,87724.6
Professional,385500,Individual,Yes,194J,10,38550.0
Rent,96504,Company,Yes,194I,10,9650.4
Professional,349649,Company,Yes,194J,10,34964.9
Interest,261282,Individual,No,194A,20,52256.4
Interest,420233,Company,Yes,194A,10,42023.3
Professional,472542,Individual,No,194J,20,94508.4
Professional,35317,Individual,Yes,194J,10,3531.7
Professional,74935,Individual,No,194J,20,14987.0
Interest,228778,Company,No,194A,20,45755.6
Rent,486392,Company,No,194I,20,97278.4
Contractor,351061,Company,No,194C,20,70212.2
Contractor,42728,Individual,Yes,194C,2,854.56
Interest,199210,Company,Yes,194A,10,19921.0
Salary,166820,Employee,Yes,192,5,8341.0
Interest,98188,Individual,No,194A,20,19637.6
Salary,147082,Employee,No,192,20,29416.4
Professional,200754,Company,Yes,194J,10,20075.4
Salary,213446,Employee,Yes,192,30,64033.8
Interest,241781,Individual,Yes,194A,10,24178.1
Contractor,202128,Individual,Yes,194C,1,2021.28
Contractor,212671,Company,Yes,194C,1,2126.71
Rent,174187,Company,No,194I,20,34837.4
Interest,406619,Individual,No,194A,20,81323.8
Professional,185761,Individual,No,194J,20,37152.2
Professional,439471,Company,No,194J,20,87894.2
Interest,189356,Company,Yes,194A,10,18935.6
Professional,94882,Individual,No,194J,20,18976.4
Salary,280965,Employee,No,192,20,56193.0
Contractor,225019,Individual,Yes,194C,2,4500.38
Contractor,391619,Company,Yes,194C,2,7832.38
Rent,87606,Individual,No,194I,20,17521.2
Professional,265321,Individual,Yes,194J,10,26532.1
Professional,93171,Company,No,194J,20,18634.2
Contractor,408400,Individual,No,194C,20,81680.0
Salary,51325,Employee,Yes,192,10,5132.5
Rent,295276,Individual,Yes,194I,10,29527.6
Rent,494427,Individual,No,194I,20,98885.4
Interest,60721,Company,No,194A,20,12144.2
Salary,424557,Employee,No,192,20,84911.4
Contractor,145931,Individual,Yes,194C,2,2918.62
Interest,158785,Individual,No,194A,20,31757.0
Professional,468313,Company,Yes,194J,10,46831.3
Professional,417587,Company,No,194J,20,83517.4
Professional,410715,Individual,Yes,194J,10,41071.5
Interest,411110,Company,Yes,194A,10,41111.0
Salary,463560,Employee,No,192,20,92712.0
Rent,70255,Company,No,194I,20,14051.0
Rent,268814,Individual,No,194I,20,53762.8
Contractor,116871,Individual,Yes,194C,2,2337.42
Contractor,226438,Individual,Yes,194C,2,4528.76
Salary,247166,Employee,No,192,20,49433.2
Professional,142038,Company,No,194J,20,28407.6
Interest,499539,Company,No,194A,20,99907.8
Interest,314042,Company,No,194A,20,62808.4
Interest,41387,Company,Yes,194A,10,4138.7
Contractor,359566,Individual,No,194C,20,71913.2
Salary,376316,Employee,Yes,192,20,75263.2
Rent,366131,Company,Yes,194I,10,36613.1
Contractor,47843,Individual,No,194C,20,9568.6
Contractor,322151,Individual,Yes,194C,2,6443.02
Rent,449346,Company,No,194I,20,89869.2
Rent,175352,Company,Yes,194I,10,17535.2
Contractor,250089,Individual,No,194C,20,50017.8
Salary,391918,Employee,No,192,20,78383.6
Contractor,126858,Individual,No,194C,20,25371.6
Interest,323029,Company,Yes,194A,10,32302.9
Professional,93244,Company,No,194J,20,18648.8
Interest,60185,Individual,Yes,194A,10,6018.5
Salary,84918,Employee,Yes,192,20,16983.6
Professional,342126,Individual,Yes,194J,10,34212.6
Contractor,479121,Individual,Yes,194C,1,4791.21
Contractor,464380,Individual,No,194C,20,92876.0
Salary,158952,Employee,No,192,20,31790.4
Contractor,98929,Company,No,194C,20,19785.8
Professional,258944,Individual,No,194J,20,51788.8
Professional,247494,Individual,No,194J,20,49498.8
Contractor,43856,Company,No,194C,20,8771.2
Interest,82038,Company,Yes,194A,10,8203.8
Professional,37580,Individual,No,194J,20,7516.0
Rent,109552,Company,No,194I,20,21910.4
Contractor,426663,Individual,Yes,194C,2,8533.26
Contractor,352194,Company,No,194C,20,70438.8
Interest,231472,Company,Yes,194A,10,23147.2
Professional,217011,Company,Yes,194J,10,21701.1
Contractor,399297,Individual,No,194C,20,79859.4
Professional,456347,Company,No,194J,20,91269.4
Professional,263862,Company,No,194J,20,52772.4
Rent,471633,Company,No,194I,20,94326.6
Professional,232582,Company,Yes,194J,10,23258.2
Interest,312654,Company,Yes,194A,10,31265.4
Salary,230531,Employee,No,192,20,46106.2
Interest,208336,Individual,Yes,194A,10,20833.6
Professional,440109,Individual,No,194J,20,88021.8
Salary,497274,Employee,No,192,20,99454.8
Professional,300564,Individual,Yes,194J,10,30056.4
Interest,189670,Individual,Yes,194A,10,18967.0
Rent,179225,Company,Yes,194I,10,17922.5
Interest,281704,Individual,No,194A,20,56340.8
Contractor,186159,Company,No,194C,20,37231.8
Contractor,454387,Company,No,194C,20,90877.4
Contractor,263742,Company,Yes,194C,2,5274.84
Professional,369564,Company,No,194J,20,73912.8
Salary,295475,Employee,Yes,192,20,59095.0
Rent,96956,Company,Yes,194I,10,9695.6
Professional,71033,Individual,No,194J,20,14206.6
Interest,305921,Company,Yes,194A,10,30592.1
Professional,374781,Individual,No,194J,20,74956.2
Salary,93079,Employee,Yes,192,10,9307.9
Contractor,342976,Company,Yes,194C,2,6859.52
Contractor,430259,Individual,Yes,194C,1,4302.59
Professional,393173,Individual,No,194J,20,78634.6
Salary,487434,Employee,Yes,192,5,24371.7
Contractor,402361,Individual,No,194C,20,80472.2
Professional,113007,Individual,Yes,194J,10,11300.7
Professional,368473,Company,No,194J,20,73694.6
Professional,286955,Individual,No,194J,20,57391.0
Rent,360916,Company,Yes,194I,10,36091.6
Salary,216338,Employee,Yes,192,10,21633.8
Contractor,95175,Individual,No,194C,20,19035.0
Interest,481445,Company,No,194A,20,96289.0
Rent,378573,Company,No,194I,20,75714.6
Professional,199896,Company,No,194J,20,39979.2
Salary,139881,Employee,Yes,192,5,6994.05
Interest,247099,Individual,No,194A,20,49419.8
Professional,343943,Individual,No,194J,20,68788.6
Interest,124985,Individual,No,194A,20,24997.0
Contractor,137876,Individual,No,194C,20,27575.2
Interest,101937,Company,Yes,194A,10,10193.7
Salary,29314,Employee,Yes,192,30,8794.2
Professional,162656,Individual,No,194J,20,32531.2
Professional,464089,Company,No,194J,20,92817.8
Salary,97903,Employee,No,192,20,19580.6
Salary,235456,Employee,Yes,192,5,11772.8
Interest,335046,Individual,Yes,194A,10,33504.6
Salary,334418,Employee,No,192,20,66883.6
Rent,23594,Company,No,194I,20,4718.8
Salary,400486,Employee,No,192,20,80097.2
Interest,424548,Company,No,194A,20,84909.6
Contractor,334550,Individual,Yes,194C,2,6691.0
Rent,268896,Company,No,194I,20,53779.2
Salary,82113,Employee,No,192,20,16422.6
Rent,390940,Company,Yes,194I,10,39094.0
Interest,415214,Individual,No,194A,20,83042.8
Salary,457359,Employee,Yes,192,20,91471.8
Salary,119082,Employee,Yes,192,20,23816.4
Contractor,430068,Company,No,194C,20,86013.6
Rent,338805,Company,Yes,194I,10,33880.5
Contractor,110728,Company,Yes,194C,2,2214.56
Contractor,231885,Individual,No,194C,20,46377.0
Interest,124968,Individual,No,194A,20,24993.6
Salary,243597,Employee,No,192,20,48719.4
Salary,221063,Employee,Yes,192,5,11053.15
Contractor,88797,Company,No,194C,20,17759.4
Interest,144447,Company,Yes,194A,10,14444.7
Interest,454737,Company,Yes,194A,10,45473.7
Professional,300400,Company,Yes,194J,10,30040.0
Salary,374531,Employee,No,192,20,74906.2
Salary,55440,Employee,Yes,192,5,2772.0
Contractor,177592,Company,No,194C,20,35518.4
Rent,21780,Individual,Yes,194I,10,2178.0
Contractor,364103,Individual,Yes,194C,2,7282.06
Contractor,87546,Company,Yes,194C,2,1750.92
Contractor,86084,Company,Yes,194C,2,1721.68
Interest,157157,Individual,Yes,194A,10,15715.7
Salary,407206,Employee,Yes,192,30,122161.8
Rent,437694,Individual,Yes,194I,10,43769.4
Contractor,214789,Individual,Yes,194C,2,4295.78
Rent,75387,Company,No,194I,20,15077.4
Professional,333632,Company,No,194J,20,66726.4
Rent,179083,Individual,Yes,194I,10,17908.3
Contractor,123807,Individual,Yes,194C,1,1238.07
Professional,198017,Company,Yes,194J,10,19801.7
Salary,136173,Employee,Yes,192,5,6808.65
Contractor,45249,Individual,No,194C,20,9049.8
Rent,364339,Individual,Yes,194I,10,36433.9
Contractor,221610,Company,Yes,194C,2,4432.2
Contractor,379926,Individual,No,194C,20,75985.2
Salary,138588,Employee,Yes,192,20,27717.6
Rent,102514,Company,No,194I,20,20502.8
Professional,89212,Individual,Yes,194J,10,8921.2
Rent,116612,Company,No,194I,20,23322.4
Interest,409215,Individual,No,194A,20,81843.0
Salary,430690,Employee,No,192,20,86138.0
Contractor,443268,Company,No,194C,20,88653.6
Contractor,190195,Company,No,194C,20,38039.0
Professional,153793,Company,No,194J,20,30758.6
Professional,324144,Individual,No,194J,20,64828.8
Interest,124645,Company,Yes,194A,10,12464.5
Professional,125640,Company,Yes,194J,10,12564.0
Professional,294402,Company,No,194J,20,58880.4
Contractor,82921,Individual,No,194C,20,16584.2
Contractor,186420,Company,No,194C,20,37284.0
Contractor,41242,Individual,Yes,194C,2,824.84
Contractor,457756,Company,No,194C,20,91551.2
Interest,196589,Company,Yes,194A,10,19658.9
Professional,405249,Company,Yes,194J,10,40524.9
Professional,497993,Company,No,194J,20,99598.6
Contractor,479565,Individual,No,194C,20,95913.0
Salary,175676,Employee,No,192,20,35135.2
Salary,54758,Employee,No,192,20,10951.6
Interest,335264,Company,Yes,194A,10,33526.4
Salary,310471,Employee,No,192,20,62094.2
Interest,465923,Individual,Yes,194A,10,46592.3
Interest,178840,Company,No,194A,20,35768.0
Contractor,37674,Individual,Yes,194C,2,753.48
Rent,355994,Company,No,194I,20,71198.8
Rent,469884,Individual,No,194I,20,93976.8
Salary,97281,Employee,No,192,20,19456.2
Salary,385778,Employee,Yes,192,10,38577.8
Salary,205944,Employee,No,192,20,41188.8
Interest,58246,Individual,No,194A,20,11649.2
Interest,34447,Company,Yes,194A,10,3444.7
Salary,276956,Employee,No,192,20,55391.2
Rent,56188,Individual,No,194I,20,11237.6
Rent,74620,Individual,No,194I,20,14924.0
Interest,439104,Company,Yes,194A,10,43910.4
Interest,89922,Company,Yes,194A,10,8992.2
Contractor,321813,Company,Yes,194C,2,6436.26
Rent,226495,Company,Yes,194I,10,22649.5
Interest,90019,Company,No,194A,20,18003.8
Contractor,119464,Individual,No,194C,20,23892.8
Salary,201780,Employee,No,192,20,40356.0
Professional,412743,Individual,No,194J,20,82548.6
Professional,360699,Individual,Yes,194J,10,36069.9
Salary,263132,Employee,No,192,20,52626.4
Contractor,411676,Company,Yes,194C,1,4116.76
Contractor,403476,Company,Yes,194C,2,8069.52
Interest,355191,Company,Yes,194A,10,35519.1
Salary,363532,Employee,Yes,192,20,72706.4
Professional,218906,Individual,Yes,194J,10,21890.6
Salary,216885,Employee,No,192,20,43377.0
Professional,47729,Company,No,194J,20,9545.8
Professional,328323,Individual,Yes,194J,10,32832.3
Professional,179344,Individual,Yes,194J,10,17934.4
Professional,84658,Individual,No,194J,20,16931.6
Salary,354854,Employee,No,192,20,70970.8
Professional,238955,Individual,No,194J,20,47791.0
Interest,205077,Individual,No,194A,20,41015.4
Rent,124590,Individual,Yes,194I,10,12459.0
Salary,99941,Employee,No,192,20,19988.2
Salary,231683,Employee,Yes,192,30,69504.9
Salary,24026,Employee,Yes,192,20,4805.2
Rent,475804,Individual,No,194I,20,95160.8
Interest,79495,Company,No,194A,20,15899.0
Salary,193817,Employee,Yes,192,5,9690.85
Professional,271317,Company,Yes,194J,10,27131.7
Contractor,110255,Company,No,194C,20,22051.0
Salary,453261,Employee,No,192,20,90652.2
Contractor,230888,Company,Yes,194C,1,2308.88
Contractor,183246,Individual,No,194C,20,36649.2
Salary,401058,Employee,No,192,20,80211.6
Contractor,393491,Individual,No,194C,20,78698.2
Professional,353262,Company,No,194J,20,70652.4
Rent,302134,Company,Yes,194I,10,30213.4
Interest,252514,Company,Yes,194A,10,25251.4
Interest,223750,Individual,No,194A,20,44750.0
Interest,376452,Individual,Yes,194A,10,37645.2
Professional,433434,Company,No,194J,20,86686.8
Professional,459205,Company,No,194J,20,91841.0
Rent,451877,Individual,Yes,194I,10,45187.7
Contractor,162969,Company,Yes,194C,2,3259.38
Interest,398892,Individual,No,194A,20,79778.4
Interest,263487,Individual,No,194A,20,52697.4
Rent,93843,Individual,No,194I,20,18768.6
Interest,332219,Company,No,194A,20,66443.8
Professional,465139,Company,No,194J,20,93027.8
Contractor,67286,Individual,No,194C,20,13457.2
Professional,438455,Company,No,194J,20,87691.0
Rent,178186,Company,Yes,194I,10,17818.6
Interest,231675,Company,Yes,194A,10,23167.5
Salary,416336,Employee,No,192,20,83267.2
Professional,109616,Company,Yes,194J,10,10961.6
Rent,85305,Company,Yes,194I,10,8530.5
Salary,120946,Employee,Yes,192,20,24189.2
Professional,414253,Company,Yes,194J,10,41425.3
Professional,300200,Company,No,194J,20,60040.0
Rent,395370,Company,Yes,194I,10,39537.0
Salary,63580,Employee,No,192,20,12716.0
Salary,233259,Employee,Yes,192,20,46651.8
Rent,225590,Individual,No,194I,20,45118.0
Interest,101599,Company,No,194A,20,20319.8
Professional,57527,Individual,No,194J,20,11505.4
Salary,275161,Employee,Yes,192,5,13758.05
Salary,122989,Employee,No,192,20,24597.8
Salary,442002,Employee,Yes,192,10,44200.2
Contractor,324071,Company,Yes,194C,2,6481.42
Contractor,71638,Individual,No,194C,20,14327.6
Interest,455786,Individual,No,194A,20,91157.2
Contractor,214941,Company,Yes,194C,2,4298.82
Salary,130773,Employee,Yes,192,10,13077.3
Rent,360591,Individual,Yes,194I,10,36059.1
Professional,156295,Individual,No,194J,20,31259.0
Rent,145666,Individual,No,194I,20,29133.2
Contractor,264910,Individual,No,194C,20,52982.0
Salary,184761,Employee,Yes,192,20,36952.2
Rent,424374,Company,No,194I,20,84874.8
Professional,190686,Company,No,194J,20,38137.2
Rent,108590,Company,No,194I,20,21718.0
Professional,276605,Individual,Yes,194J,10,27660.5
Interest,223320,Individual,No,194A,20,44664.0
Contractor,399995,Company,No,194C,20,79999.0
Professional,256787,Company,Yes,194J,10,25678.7
Contractor,316269,Company,No,194C,20,63253.8
Contractor,485321,Company,No,194C,20,97064.2
Professional,473323,Company,Yes,194J,10,47332.3
Interest,231385,Company,Yes,194A,10,23138.5
Contractor,79829,Individual,No,194C,20,15965.8
Rent,47676,Individual,Yes,194I,10,4767.6
Rent,293474,Company,Yes,194I,10,29347.4
Interest,323488,Individual,No,194A,20,64697.6
Professional,431162,Individual,Yes,194J,10,43116.2
Rent,34370,Individual,Yes,194I,10,3437.0
Rent,333920,Company,No,194I,20,66784.0
Professional,314047,Individual,No,194J,20,62809.4
Contractor,40990,Company,Yes,194C,1,409.9
Contractor,341568,Individual,No,194C,20,68313.6
Interest,349700,Individual,Yes,194A,10,34970.0
Salary,140095,Employee,No,192,20,28019.0
Interest,62229,Individual,No,194A,20,12445.8
Salary,155346,Employee,Yes,192,10,15534.6
Interest,305789,Individual,Yes,194A,10,30578.9
Interest,459349,Individual,Yes,194A,10,45934.9
Rent,173162,Company,No,194I,20,34632.4
Salary,451214,Employee,No,192,20,90242.8
Rent,366587,Individual,Yes,194I,10,36658.7
Contractor,486683,Company,No,194C,20,97336.6
Salary,80305,Employee,Yes,192,20,16061.0
Contractor,218332,Company,Yes,194C,2,4366.64
Rent,85082,Individual,No,194I,20,17016.4
Professional,85613,Individual,Yes,194J,10,8561.3
Professional,450164,Company,No,194J,20,90032.8
Rent,418527,Individual,No,194I,20,83705.4
Professional,498780,Company,No,194J,20,99756.0
Rent,483332,Company,Yes,194I,10,48333.2
Rent,46122,Company,No,194I,20,9224.4
Interest,402528,Individual,Yes,194A,10,40252.8
Salary,379459,Employee,Yes,192,20,75891.8
Contractor,274977,Company,Yes,194C,1,2749.77
Interest,364036,Individual,No,194A,20,72807.2
Interest,424873,Company,Yes,194A,10,42487.3
Interest,167137,Company,No,194A,20,33427.4
Rent,130132,Individual,No,194I,20,26026.4
Interest,403236,Company,Yes,194A,10,40323.6
Contractor,341284,Company,Yes,194C,2,6825.68
Professional,135500,Company,Yes,194J,10,13550.0
Salary,30486,Employee,No,192,20,6097.2
Interest,327281,Individual,Yes,194A,10,32728.1
Salary,473175,Employee,No,192,20,94635.0
Interest,164770,Company,No,194A,20,32954.0
Professional,152454,Individual,Yes,194J,10,15245.4
Contractor,210827,Company,Yes,194C,1,2108.27
Rent,135497,Individual,Yes,194I,10,13549.7
Salary,130812,Employee,Yes,192,10,13081.2
Professional,295168,Company,Yes,194J,10,29516.8
Interest,230613,Individual,No,194A,20,46122.6
Rent,472636,Individual,Yes,194I,10,47263.6
Professional,456219,Company,Yes,194J,10,45621.9
Contractor,306281,Individual,Yes,194C,1,3062.81
Professional,483506,Company,Yes,194J,10,48350.6
Rent,60694,Individual,No,194I,20,12138.8
Professional,253765,Company,No,194J,20,50753.0
Rent,448353,Individual,No,194I,20,89670.6
Contractor,204790,Company,Yes,194C,1,2047.9
Salary,496224,Employee,No,192,20,99244.8
Professional,445205,Company,No,194J,20,89041.0
Contractor,437619,Company,No,194C,20,87523.8
Professional,43318,Company,No,194J,20,8663.6
Salary,283285,Employee,Yes,192,20,56657.0
Salary,25123,Employee,No,192,20,5024.6
Rent,177207,Company,Yes,194I,10,17720.7
Interest,32966,Individual,Yes,194A,10,3296.6
Contractor,316615,Company,Yes,194C,1,3166.15
Interest,29859,Company,No,194A,20,5971.8
Interest,206372,Individual,Yes,194A,10,20637.2
Professional,86744,Company,Yes,194J,10,8674.4
Salary,307509,Employee,No,192,20,61501.8
Rent,444610,Company,No,194I,20,88922.0
Interest,259675,Company,Yes,194A,10,25967.5
Professional,156769,Company,No,194J,20,31353.8
Professional,359879,Individual,No,194J,20,71975.8
Interest,235319,Company,Yes,194A,10,23531.9
Salary,183416,Employee,Yes,192,10,18341.6
Salary,212370,Employee,No,192,20,42474.0
Professional,322972,Individual,Yes,194J,10,32297.2
Interest,88181,Company,Yes,194A,10,8818.1
Professional,65631,Company,Yes,194J,10,6563.1
Professional,117292,Company,Yes,194J,10,11729.2
Salary,46398,Employee,Yes,192,30,13919.4
Contractor,364556,Company,No,194C,20,72911.2
Contractor,140971,Individual,No,194C,20,28194.2
Interest,21202,Individual,Yes,194A,10,2120.2
Interest,419465,Company,Yes,194A,10,41946.5
Interest,368095,Company,Yes,194A,10,36809.5
Rent,54527,Company,No,194I,20,10905.4
Contractor,124001,Individual,Yes,194C,2,2480.02
Contractor,337499,Individual,Yes,194C,1,3374.99
Interest,23748,Company,Yes,194A,10,2374.8
Professional,378161,Individual,No,194J,20,75632.2
Salary,287588,Employee,Yes,192,20,57517.6
Salary,159051,Employee,Yes,192,30,47715.3
Interest,58055,Individual,Yes,194A,10,5805.5
Salary,474899,Employee,Yes,192,5,23744.95
Interest,182788,Company,No,194A,20,36557.6
Salary,281313,Employee,Yes,192,10,28131.3
Rent,177730,Individual,Yes,194I,10,17773.0
Rent,286980,Company,Yes,194I,10,28698.0
Interest,247261,Individual,Yes,194A,10,24726.1
Rent,85337,Individual,Yes,194I,10,8533.7
Professional,189628,Company,Yes,194J,10,18962.8
Salary,77335,Employee,No,192,20,15467.0
Rent,49097,Company,Yes,194I,10,4909.7
Interest,95111,Individual,No,194A,20,19022.2
Contractor,493695,Company,Yes,194C,1,4936.95
Contractor,300267,Individual,Yes,194C,1,3002.67
Contractor,486710,Company,Yes,194C,2,9734.2
Interest,336987,Individual,No,194A,20,67397.4
Interest,277554,Individual,Yes,194A,10,27755.4
Contractor,169212,Company,Yes,194C,2,3384.24
Rent,459893,Individual,No,194I,20,91978.6
Salary,286287,Employee,No,192,20,57257.4
Contractor,455799,Company,Yes,194C,1,4557.99
Rent,327490,Individual,No,194I,20,65498.0
Interest,36231,Company,No,194A,20,7246.2
Contractor,376298,Individual,No,194C,20,75259.6
Interest,319860,Individual,Yes,194A,10,31986.0
Rent,28875,Individual,Yes,194I,10,2887.5
Salary,325790,Employee,No,192,20,65158.0
Contractor,444397,Company,No,194C,20,88879.4
Salary,152995,Employee,Yes,192,20,30599.0
Salary,366639,Employee,No,192,20,73327.8
Rent,228285,Company,No,194I,20,45657.0
Contractor,479371,Individual,No,194C,20,95874.2
Interest,153155,Individual,Yes,194A,10,15315.5
Rent,222697,Company,Yes,194I,10,22269.7
Interest,342461,Individual,Yes,194A,10,34246.1
Rent,476870,Company,No,194I,20,95374.0
Rent,440435,Company,No,194I,20,88087.0
Professional,490478,Company,No,194J,20,98095.6
Contractor,376085,Company,Yes,194C,1,3760.85
Contractor,128173,Company,No,194C,20,25634.6
Rent,423182,Company,No,194I,20,84636.4
Rent,392932,Individual,Yes,194I,10,39293.2
Rent,279087,Company,No,194I,20,55817.4
Rent,131983,Individual,No,194I,20,26396.6
Rent,303436,Company,Yes,194I,10,30343.6
Professional,227627,Company,Yes,194J,10,22762.7
Interest,42524,Individual,No,194A,20,8504.8
Interest,101880,Company,Yes,194A,10,10188.0
Professional,131428,Individual,No,194J,20,26285.6
Professional,401252,Company,No,194J,20,80250.4
Salary,194846,Employee,No,192,20,38969.2
Professional,191438,Company,Yes,194J,10,19143.8
Salary,436036,Employee,Yes,192,30,130810.8
Interest,136528,Individual,No,194A,20,27305.6
Professional,482997,Company,Yes,194J,10,48299.7
Rent,296973,Company,No,194I,20,59394.6
Rent,89137,Individual,Yes,194I,10,8913.7
Rent,39408,Company,No,194I,20,7881.6
Rent,96154,Individual,Yes,194I,10,9615.4
Contractor,233957,Individual,No,194C,20,46791.4
Professional,233639,Individual,No,194J,20,46727.8
Interest,415762,Company,No,194A,20,83152.4
Salary,391663,Employee,No,192,20,78332.6
Rent,239347,Company,Yes,194I,10,23934.7
Salary,177036,Employee,No,192,20,35407.2
Professional,126495,Individual,No,194J,20,25299.0
Salary,342798,Employee,Yes,192,20,68559.6
Contractor,316649,Individual,No,194C,20,63329.8
Interest,167080,Company,Yes,194A,10,16708.0
Contractor,429442,Company,Yes,194C,1,4294.42
Rent,217594,Individual,Yes,194I,10,21759.4
Contractor,133929,Individual,No,194C,20,26785.8
Interest,490896,Company,Yes,194A,10,49089.6
Contractor,380403,Company,No,194C,20,76080.6
Professional,316213,Company,Yes,194J,10,31621.3
Interest,146656,Company,No,194A,20,29331.2
Contractor,90433,Individual,No,194C,20,18086.6
Rent,137817,Individual,Yes,194I,10,13781.7
Rent,129481,Company,Yes,194I,10,12948.1
Professional,121436,Individual,Yes,194J,10,12143.6
Interest,346545,Individual,No,194A,20,69309.0
Interest,358136,Individual,No,194A,20,71627.2
Professional,76379,Company,Yes,194J,10,7637.9
Salary,476626,Employee,No,192,20,95325.2
Professional,337595,Company,Yes,194J,10,33759.5
Salary,432178,Employee,No,192,20,86435.6
Professional,337366,Individual,Yes,194J,10,33736.6
Contractor,34790,Company,No,194C,20,6958.0
Contractor,497924,Company,No,194C,20,99584.8
Salary,271534,Employee,Yes,192,5,13576.7
Salary,317445,Employee,Yes,192,10,31744.5
Contractor,367271,Individual,No,194C,20,73454.2
Salary,38565,Employee,Yes,192,10,3856.5
Interest,384565,Individual,No,194A,20,76913.0
Contractor,426482,Company,Yes,194C,1,4264.82
Interest,424679,Company,Yes,194A,10,42467.9
Professional,177589,Individual,Yes,194J,10,17758.9
Rent,287799,Company,Yes,194I,10,28779.9
Interest,437938,Individual,No,194A,20,87587.6
Contractor,23220,Company,No,194C,20,4644.0
Interest,351885,Individual,No,194A,20,70377.0
Contractor,61593,Individual,Yes,194C,2,1231.86
Interest,338491,Individual,Yes,194A,10,33849.1
Professional,279962,Individual,No,194J,20,55992.4
Salary,210897,Employee,Yes,192,30,63269.1
Salary,165109,Employee,Yes,192,5,8255.45
Rent,47570,Company,Yes,194I,10,4757.0
Salary,200474,Employee,Yes,192,20,40094.8
Professional,365145,Individual,No,194J,20,73029.0
Rent,421051,Company,No,194I,20,84210.2
Contractor,48325,Individual,Yes,194C,2,966.5
Contractor,160508,Individual,No,194C,20,32101.6
Interest,36497,Company,No,194A,20,7299.4
Interest,329910,Individual,No,194A,20,65982.0
Rent,22754,Company,Yes,194I,10,2275.4
Contractor,118573,Company,Yes,194C,2,2371.46
Professional,305394,Individual,No,194J,20,61078.8
Contractor,50223,Company,No,194C,20,10044.6
Interest,57161,Company,Yes,194A,10,5716.1
Salary,416715,Employee,No,192,20,83343.0
Salary,183744,Employee,Yes,192,10,18374.4
Contractor,445655,Company,Yes,194C,2,8913.1
Rent,48293,Company,No,194I,20,9658.6
Interest,118354,Individual,Yes,194A,10,11835.4
Contractor,157003,Individual,No,194C,20,31400.6
Interest,126651,Individual,Yes,194A,10,12665.1
Interest,311050,Company,No,194A,20,62210.0
Rent,146568,Company,Yes,194I,10,14656.8
Professional,134964,Company,Yes,194J,10,13496.4
Contractor,493207,Company,Yes,194C,1,4932.07
Interest,391364,Individual,Yes,194A,10,39136.4
Salary,239045,Employee,No,192,20,47809.0
Contractor,213071,Individual,Yes,194C,2,4261.42
Rent,235200,Company,Yes,194I,10,23520.0
Contractor,23041,Individual,No,194C,20,4608.2
Interest,285415,Individual,Yes,194A,10,28541.5
Rent,115973,Company,No,194I,20,23194.6
Professional,302674,Company,No,194J,20,60534.8
Contractor,475879,Company,Yes,194C,1,4758.79
Professional,103018,Individual,Yes,194J,10,10301.8
Salary,168617,Employee,Yes,192,20,33723.4
Contractor,173017,Company,Yes,194C,2,3460.34
Rent,232534,Individual,Yes,194I,10,23253.4
Contractor,356824,Company,No,194C,20,71364.8
Professional,306570,Individual,No,194J,20,61314.0
Interest,215828,Individual,Yes,194A,10,21582.8
Professional,34408,Individual,Yes,194J,10,3440.8
Professional,260083,Individual,Yes,194J,10,26008.3
Professional,149882,Company,Yes,194J,10,14988.2
Contractor,336419,Company,No,194C,20,67283.8
Contractor,476952,Company,Yes,194C,1,4769.52
Rent,288907,Company,No,194I,20,57781.4
Interest,412169,Individual,No,194A,20,82433.8
Rent,388878,Company,No,194I,20,77775.6
Professional,122369,Company,No,194J,20,24473.8
Professional,76197,Individual,No,194J,20,15239.4
Contractor,316915,Company,No,194C,20,63383.0
Professional,133460,Individual,Yes,194J,10,13346.0
Salary,447026,Employee,Yes,192,30,134107.8
Professional,363470,Individual,No,194J,20,72694.0
Contractor,181177,Company,Yes,194C,2,3623.54
Interest,355181,Company,No,194A,20,71036.2
Rent,76624,Company,Yes,194I,10,7662.4
Interest,405142,Company,No,194A,20,81028.4
Salary,259777,Employee,Yes,192,20,51955.4
Rent,308132,Individual,No,194I,20,61626.4
Professional,179864,Individual,Yes,194J,10,17986.4
Rent,225547,Individual,No,194I,20,45109.4
Interest,468651,Company,Yes,194A,10,46865.1
Salary,119273,Employee,Yes,192,10,11927.3
Interest,24048,Company,No,194A,20,4809.6
Professional,422800,Company,Yes,194J,10,42280.0
Professional,205509,Individual,No,194J,20,41101.8
Contractor,407785,Company,No,194C,20,81557.0
Salary,465312,Employee,Yes,192,10,46531.2
Rent,123734,Individual,Yes,194I,10,12373.4
Salary,208574,Employee,No,192,20,41714.8
Contractor,495537,Company,No,194C,20,99107.4
Salary,241744,Employee,Yes,192,30,72523.2
Salary,332007,Employee,Yes,192,5,16600.35
Salary,197272,Employee,No,192,20,39454.4
Salary,181803,Employee,No,192,20,36360.6
Salary,183762,Employee,Yes,192,30,55128.6
Salary,332596,Employee,Yes,192,5,16629.8
Contractor,369629,Company,Yes,194C,2,7392.58
Contractor,112462,Company,Yes,194C,1,1124.62
Interest,349594,Company,Yes,194A,10,34959.4
Professional,176998,Company,Yes,194J,10,17699.8
Interest,355076,Individual,No,194A,20,71015.2
Professional,421867,Company,Yes,194J,10,42186.7
Contractor,245749,Individual,Yes,194C,1,2457.49
Salary,66055,Employee,Yes,192,20,13211.0
Salary,146544,Employee,No,192,20,29308.8
Interest,240595,Individual,Yes,194A,10,24059.5
Contractor,134846,Individual,No,194C,20,26969.2
Interest,443247,Company,Yes,194A,10,44324.7
Contractor,344633,Company,No,194C,20,68926.6
Professional,184913,Company,Yes,194J,10,18491.3
Salary,437560,Employee,No,192,20,87512.0
Interest,410752,Company,No,194A,20,82150.4
Interest,464313,Company,Yes,194A,10,46431.3
Professional,276558,Individual,Yes,194J,10,27655.8
Salary,488837,Employee,Yes,192,10,48883.7
Contractor,267251,Individual,Yes,194C,1,2672.51
Salary,207840,Employee,Yes,192,30,62352.0
Interest,382206,Individual,No,194A,20,76441.2
Interest,45260,Individual,Yes,194A,10,4526.0
Contractor,110377,Individual,No,194C,20,22075.4
Rent,402521,Company,Yes,194I,10,40252.1
Professional,36618,Individual,Yes,194J,10,3661.8
Rent,465642,Individual,Yes,194I,10,46564.2
Salary,444952,Employee,No,192,20,88990.4
Interest,497523,Company,Yes,194A,10,49752.3
Contractor,344486,Company,No,194C,20,68897.2
Salary,323561,Employee,No,192,20,64712.2
Salary,437646,Employee,No,192,20,87529.2
Rent,394782,Individual,No,194I,20,78956.4
Rent,181495,Company,Yes,194I,10,18149.5
Interest,129949,Company,Yes,194A,10,12994.9
Contractor,217491,Individual,No,194C,20,43498.2
Interest,352173,Company,No,194A,20,70434.6
Rent,293621,Company,No,194I,20,58724.2
Salary,335875,Employee,No,192,20,67175.0
Contractor,415111,Company,Yes,194C,2,8302.22
Interest,297451,Company,No,194A,20,59490.2
Professional,458630,Company,Yes,194J,10,45863.0
Rent,465924,Individual,No,194I,20,93184.8
Salary,202278,Employee,Yes,192,5,10113.9
Contractor,415128,Individual,No,194C,20,83025.6
Professional,84035,Individual,No,194J,20,16807.0
Interest,427905,Company,No,194A,20,85581.0
Interest,287593,Company,No,194A,20,57518.6
Contractor,349992,Company,No,194C,20,69998.4
Contractor,77373,Company,No,194C,20,15474.6
Professional,60260,Company,No,194J,20,12052.0
Salary,233183,Employee,No,192,20,46636.6
Interest,55535,Individual,No,194A,20,11107.0
Rent,161424,Company,Yes,194I,10,16142.4
Salary,259300,Employee,Yes,192,10,25930.0
Rent,375112,Company,Yes,194I,10,37511.2
Professional,54810,Individual,Yes,194J,10,5481.0
Interest,78292,Individual,No,194A,20,15658.4
Professional,378166,Company,Yes,194J,10,37816.6
Rent,392621,Company,No,194I,20,78524.2
Professional,103748,Individual,Yes,194J,10,10374.8
Professional,421385,Company,Yes,194J,10,42138.5
Rent,239078,Individual,No,194I,20,47815.6
Salary,202368,Employee,No,192,20,40473.6
Professional,407079,Company,Yes,194J,10,40707.9
Contractor,479360,Company,No,194C,20,95872.0
Rent,179303,Individual,No,194I,20,35860.6
Contractor,162219,Company,Yes,194C,2,3244.38
Salary,386783,Employee,No,192,20,77356.6
Rent,337389,Company,No,194I,20,67477.8
Interest,445208,Company,No,194A,20,89041.6
Rent,21922,Individual,No,194I,20,4384.4
Contractor,281710,Company,Yes,194C,2,5634.2
Interest,296614,Company,No,194A,20,59322.8
Professional,50531,Individual,No,194J,20,10106.2
Rent,22043,Individual,No,194I,20,4408.6
Rent,257613,Individual,Yes,194I,10,25761.3
Contractor,207370,Individual,Yes,194C,2,4147.4
Salary,235884,Employee,Yes,192,30,70765.2
Salary,259509,Employee,Yes,192,30,77852.7
Professional,89659,Company,Yes,194J,10,8965.9
Salary,60413,Employee,Yes,192,5,3020.65
Salary,465873,Employee,Yes,192,10,46587.3
Rent,73520,Individual,Yes,194I,10,7352.0
Rent,164570,Individual,No,194I,20,32914.0
Contractor,425305,Individual,No,194C,20,85061.0
Rent,457954,Company,Yes,194I,10,45795.4
Rent,91154,Company,No,194I,20,18230.8
Interest,171993,Company,No,194A,20,34398.6
Professional,31895,Individual,Yes,194J,10,3189.5
Salary,112946,Employee,Yes,192,20,22589.2
Salary,213180,Employee,No,192,20,42636.0
Professional,230738,Individual,Yes,194J,10,23073.8
Rent,278594,Company,No,194I,20,55718.8
Contractor,148867,Company,No,194C,20,29773.4
Interest,440017,Company,Yes,194A,10,44001.7
Interest,188247,Individual,No,194A,20,37649.4
Interest,478241,Company,No,194A,20,95648.2
Rent,316334,Individual,No,194I,20,63266.8
Rent,498867,Individual,Yes,194I,10,49886.7
Interest,375204,Company,Yes,194A,10,37520.4
Interest,274373,Individual,Yes,194A,10,27437.3
Rent,192173,Individual,Yes,194I,10,19217.3
Rent,490857,Company,Yes,194I,10,49085.7
Professional,109034,Company,No,194J,20,21806.8
Rent,403916,Individual,Yes,194I,10,40391.6
Salary,78972,Employee,No,192,20,15794.4
Professional,62313,Company,Yes,194J,10,6231.3
Professional,283841,Company,No,194J,20,56768.2
Contractor,65860,Company,No,194C,20,13172.0
Interest,112811,Individual,No,194A,20,22562.2
Salary,473598,Employee,No,192,20,94719.6
Salary,168238,Employee,No,192,20,33647.6
Salary,354657,Employee,No,192,20,70931.4
Contractor,457632,Individual,No,194C,20,91526.4
Salary,254107,Employee,No,192,20,50821.4
Salary,96991,Employee,Yes,192,5,4849.55
Salary,359386,Employee,No,192,20,71877.2
Rent,407268,Individual,Yes,194I,10,40726.8
Professional,159963,Individual,No,194J,20,31992.6
Contractor,86134,Individual,Yes,194C,1,861.34
Professional,60701,Individual,No,194J,20,12140.2
Professional,151130,Individual,No,194J,20,30226.0
Rent,167957,Company,Yes,194I,10,16795.7
Salary,56159,Employee,No,192,20,11231.8
Salary,428994,Employee,No,192,20,85798.8
Contractor,385397,Company,Yes,194C,1,3853.97
Salary,228932,Employee,No,192,20,45786.4
Contractor,471200,Individual,No,194C,20,94240.0
Interest,198164,Individual,No,194A,20,39632.8
Rent,219201,Company,Yes,194I,10,21920.1
Rent,347166,Company,No,194I,20,69433.2
Salary,102529,Employee,No,192,20,20505.8
Interest,229914,Company,No,194A,20,45982.8
Rent,261277,Individual,No,194I,20,52255.4
Rent,133124,Individual,No,194I,20,26624.8
Contractor,343544,Company,No,194C,20,68708.8
Interest,437680,Company,No,194A,20,87536.0
Contractor,279452,Individual,Yes,194C,1,2794.52
Rent,421176,Company,Yes,194I,10,42117.6
Salary,377275,Employee,Yes,192,5,18863.75
Rent,80149,Individual,Yes,194I,10,8014.9
Rent,289433,Individual,No,194I,20,57886.6
Interest,184759,Individual,Yes,194A,10,18475.9
Rent,475434,Individual,No,194I,20,95086.8
Rent,336376,Company,No,194I,20,67275.2
Rent,52330,Company,No,194I,20,10466.0
Contractor,345156,Individual,Yes,194C,1,3451.56
Interest,271876,Individual,Yes,194A,10,27187.6
Interest,371627,Company,No,194A,20,74325.4
Contractor,473915,Individual,Yes,194C,1,4739.15
Rent,305379,Company,No,194I,20,61075.8
Rent,99443,Individual,Yes,194I,10,9944.3
Rent,169955,Individual,No,194I,20,33991.0
Salary,171266,Employee,Yes,192,5,8563.3
Professional,29130,Company,No,194J,20,5826.0
Interest,397621,Company,No,194A,20,79524.2
Salary,132533,Employee,No,192,20,26506.6
Rent,296081,Company,Yes,194I,10,29608.1
Contractor,189755,Company,No,194C,20,37951.0
Rent,469109,Company,Yes,194I,10,46910.9
Professional,375106,Individual,No,194J,20,75021.2
Salary,308429,Employee,Yes,192,20,61685.8
Contractor,101766,Company,No,194C,20,20353.2
Rent,299822,Company,No,194I,20,59964.4
Salary,121006,Employee,Yes,192,30,36301.8
Professional,420992,Company,Yes,194J,10,42099.2
Salary,143470,Employee,Yes,192,10,14347.0
Rent,479160,Company,No,194I,20,95832.0
Professional,383561,Company,Yes,194J,10,38356.1
Rent,432145,Individual,Yes,194I,10,43214.5
Contractor,401324,Individual,No,194C,20,80264.8
Contractor,84424,Company,Yes,194C,1,844.24
Rent,235112,Individual,Yes,194I,10,23511.2
Interest,147218,Individual,Yes,194A,10,14721.8
Salary,36513,Employee,No,192,20,7302.6
Salary,24775,Employee,No,192,20,4955.0
Interest,367483,Individual,No,194A,20,73496.6
Contractor,311844,Company,No,194C,20,62368.8
Professional,333202,Company,Yes,194J,10,33320.2
Professional,183174,Company,No,194J,20,36634.8
Salary,429671,Employee,Yes,192,5,21483.55
Interest,104934,Company,No,194A,20,20986.8
Salary,64263,Employee,No,192,20,12852.6
Salary,283234,Employee,Yes,192,5,14161.7
Contractor,442151,Company,Yes,194C,2,8843.02
Professional,167316,Company,No,194J,20,33463.2
Professional,319888,Individual,Yes,194J,10,31988.8
Salary,244827,Employee,No,192,20,48965.4
Contractor,187790,Company,No,194C,20,37558.0
Contractor,450578,Company,No,194C,20,90115.6
Contractor,45201,Individual,No,194C,20,9040.2
Salary,240407,Employee,Yes,192,10,24040.7
Salary,394929,Employee,Yes,192,10,39492.9
Rent,469751,Individual,Yes,194I,10,46975.1
Professional,364015,Individual,Yes,194J,10,36401.5
Salary,326248,Employee,Yes,192,30,97874.4
Contractor,416397,Company,Yes,194C,1,4163.97
Rent,348582,Individual,Yes,194I,10,34858.2
Salary,493143,Employee,Yes,192,5,24657.15
Interest,413650,Individual,Yes,194A,10,41365.0
Salary,400163,Employee,Yes,192,5,20008.15
Salary,372155,Employee,No,192,20,74431.0
Rent,51352,Company,Yes,194I,10,5135.2
Rent,225093,Company,No,194I,20,45018.6
Salary,262365,Employee,Yes,192,5,13118.25
Professional,71339,Individual,No,194J,20,14267.8
Contractor,410142,Company,Yes,194C,2,8202.84
Contractor,168252,Company,Yes,194C,1,1682.52
Contractor,109385,Individual,Yes,194C,1,1093.85
Interest,34731,Individual,No,194A,20,6946.2
Rent,452593,Company,No,194I,20,90518.6
Professional,243187,Company,Yes,194J,10,24318.7
Rent,365417,Company,No,194I,20,73083.4
Rent,376865,Individual,No,194I,20,75373.0
Rent,346043,Individual,No,194I,20,69208.6
Contractor,110891,Individual,Yes,194C,2,2217.82
Contractor,147016,Individual,Yes,194C,1,1470.16
Rent,114899,Individual,Yes,194I,10,11489.9
Interest,186872,Company,Yes,194A,10,18687.2
Professional,338714,Individual,Yes,194J,10,33871.4
Salary,402728,Employee,Yes,192,5,20136.4
Salary,382587,Employee,Yes,192,20,76517.4
Interest,411111,Individual,No,194A,20,82222.2
Rent,301527,Company,Yes,194I,10,30152.7
Contractor,494577,Company,Yes,194C,2,9891.54
Contractor,376346,Individual,Yes,194C,1,3763.46
Salary,365947,Employee,No,192,20,73189.4
Contractor,451105,Individual,No,194C,20,90221.0
Contractor,225709,Company,Yes,194C,2,4514.18
Rent,374246,Company,No,194I,20,74849.2
Salary,95929,Employee,No,192,20,19185.8
Interest,222563,Company,Yes,194A,10,22256.3
Professional,296250,Individual,No,194J,20,59250.0
Rent,43462,Individual,Yes,194I,10,4346.2
Contractor,65844,Company,Yes,194C,2,1316.88
Salary,98406,Employee,No,192,20,19681.2
Contractor,235305,Individual,No,194C,20,47061.0
Interest,169350,Individual,Yes,194A,10,16935.0
Rent,322797,Company,No,194I,20,64559.4
Contractor,476854,Individual,No,194C,20,95370.8
Professional,161916,Individual,Yes,194J,10,16191.6
Professional,245583,Company,No,194J,20,49116.6
Rent,272190,Company,No,194I,20,54438.0
Professional,70058,Individual,Yes,194J,10,7005.8
Professional,391449,Company,No,194J,20,78289.8
Contractor,316012,Company,No,194C,20,63202.4
Rent,355850,Individual,No,194I,20,71170.0
Interest,352881,Individual,Yes,194A,10,35288.1
Salary,216420,Employee,Yes,192,20,43284.0
Interest,23636,Individual,Yes,194A,10,2363.6
Interest,73879,Company,Yes,194A,10,7387.9
Rent,466536,Company,Yes,194I,10,46653.6
Professional,66931,Individual,No,194J,20,13386.2
Interest,461418,Company,No,194A,20,92283.6
Professional,300393,Company,Yes,194J,10,30039.3
Professional,301162,Individual,Yes,194J,10,30116.2
Contractor,80427,Company,No,194C,20,16085.4
Rent,357517,Company,No,194I,20,71503.4
Salary,373241,Employee,Yes,192,10,37324.1
Interest,462588,Individual,Yes,194A,10,46258.8
Professional,395650,Individual,No,194J,20,79130.0
Rent,109743,Individual,Yes,194I,10,10974.3
Contractor,447531,Company,Yes,194C,2,8950.62
Contractor,330256,Individual,Yes,194C,1,3302.56
Contractor,295724,Individual,Yes,194C,1,2957.24
Professional,442517,Individual,No,194J,20,88503.4
Rent,410810,Company,No,194I,20,82162.0
Rent,184176,Individual,Yes,194I,10,18417.6
Contractor,163788,Individual,Yes,194C,2,3275.76
Salary,320499,Employee,No,192,20,64099.8
Interest,48378,Company,Yes,194A,10,4837.8
Salary,199581,Employee,Yes,192,30,59874.3
Professional,402903,Company,No,194J,20,80580.6
Professional,465013,Company,Yes,194J,10,46501.3
Rent,412221,Company,Yes,194I,10,41222.1
Contractor,320376,Individual,No,194C,20,64075.2
Contractor,101130,Company,No,194C,20,20226.0
Professional,166107,Company,No,194J,20,33221.4
Salary,67152,Employee,No,192,20,13430.4
Interest,364626,Company,Yes,194A,10,36462.6
Rent,311825,Company,Yes,194I,10,31182.5
Contractor,281471,Individual,No,194C,20,56294.2
Rent,483111,Individual,Yes,194I,10,48311.1
Salary,251629,Employee,Yes,192,30,75488.7
Interest,237552,Individual,Yes,194A,10,23755.2
Salary,391996,Employee,No,192,20,78399.2
Professional,245967,Company,Yes,194J,10,24596.7
Contractor,88110,Individual,Yes,194C,2,1762.2
Professional,343438,Company,No,194J,20,68687.6
Contractor,435850,Company,Yes,194C,1,4358.5
Professional,402569,Individual,No,194J,20,80513.8
Rent,46306,Individual,No,194I,20,9261.2
Contractor,343235,Company,Yes,194C,2,6864.7
Rent,364898,Company,Yes,194I,10,36489.8
Interest,451482,Individual,No,194A,20,90296.4
Rent,89941,Company,Yes,194I,10,8994.1
Salary,53628,Employee,No,192,20,10725.6
Contractor,103611,Company,No,194C,20,20722.2
Rent,489337,Company,No,194I,20,97867.4
Contractor,47346,Company,No,194C,20,9469.2
Salary,252249,Employee,No,192,20,50449.8
Contractor,115313,Company,Yes,194C,2,2306.26
Salary,322634,Employee,Yes,192,5,16131.7
Contractor,304238,Individual,No,194C,20,60847.6
Contractor,413991,Individual,Yes,194C,1,4139.91
Salary,367655,Employee,Yes,192,20,73531.0
Salary,314489,Employee,No,192,20,62897.8
Contractor,293926,Individual,Yes,194C,2,5878.52
Interest,451896,Individual,No,194A,20,90379.2
Contractor,448018,Individual,No,194C,20,89603.6
Rent,342871,Individual,No,194I,20,68574.2
Contractor,451964,Company,No,194C,20,90392.8
Interest,195574,Individual,No,194A,20,39114.8
Rent,414846,Company,No,194I,20,82969.2
Contractor,431154,Company,Yes,194C,2,8623.08
Contractor,75047,Individual,Yes,194C,1,750.47
Rent,198636,Individual,Yes,194I,10,19863.6
Salary,495076,Employee,No,192,20,99015.2
Rent,300727,Individual,No,194I,20,60145.4
Interest,267793,Company,No,194A,20,53558.6
Interest,58739,Company,No,194A,20,11747.8
Rent,103310,Individual,Yes,194I,10,10331.0
Professional,32130,Individual,Yes,194J,10,3213.0
Contractor,126512,Individual,No,194C,20,25302.4
Professional,284899,Company,Yes,194J,10,28489.9
Interest,280488,Company,No,194A,20,56097.6
Salary,142487,Employee,No,192,20,28497.4
Professional,43643,Company,No,194J,20,8728.6
Salary,116548,Employee,Yes,192,10,11654.8
Contractor,127792,Company,No,194C,20,25558.4
Salary,254639,Employee,Yes,192,20,50927.8
Professional,179975,Company,Yes,194J,10,17997.5
Interest,213160,Company,No,194A,20,42632.0
Salary,327152,Employee,No,192,20,65430.4
Contractor,41103,Company,Yes,194C,1,411.03
Contractor,202881,Individual,Yes,194C,2,4057.62
Salary,39462,Employee,Yes,192,10,3946.2
Contractor,356323,Company,No,194C,20,71264.6
Professional,383622,Company,No,194J,20,76724.4
Contractor,227321,Company,No,194C,20,45464.2
Salary,149029,Employee,No,192,20,29805.8
Salary,191642,Employee,Yes,192,5,9582.1
Interest,48062,Individual,Yes,194A,10,4806.2
Salary,26661,Employee,No,192,20,5332.2
Interest,86989,Individual,No,194A,20,17397.8
Contractor,56283,Individual,No,194C,20,11256.6
Salary,467046,Employee,Yes,192,5,23352.3
Professional,104234,Company,No,194J,20,20846.8
Rent,192630,Individual,No,194I,20,38526.0
Interest,96752,Company,Yes,194A,10,9675.2
Contractor,103713,Individual,Yes,194C,1,1037.13
Interest,418024,Individual,Yes,194A,10,41802.4
Rent,444733,Company,No,194I,20,88946.6
Professional,331496,Company,Yes,194J,10,33149.6
Professional,95314,Individual,No,194J,20,19062.8
Salary,280002,Employee,No,192,20,56000.4
Salary,311604,Employee,No,192,20,62320.8
Rent,339238,Company,Yes,194I,10,33923.8
Interest,382920,Individual,Yes,194A,10,38292.0
Interest,169572,Company,Yes,194A,10,16957.2
Interest,438094,Individual,Yes,194A,10,43809.4
Contractor,81674,Individual,No,194C,20,16334.8
Rent,324775,Individual,Yes,194I,10,32477.5
Salary,295803,Employee,Yes,192,20,59160.6
Salary,21489,Employee,Yes,192,5,1074.45
Rent,392262,Individual,Yes,194I,10,39226.2
Professional,304248,Company,No,194J,20,60849.6
Salary,262572,Employee,Yes,192,30,78771.6
Contractor,359856,Company,Yes,194C,2,7197.12
Interest,233215,Company,No,194A,20,46643.0
Contractor,149305,Individual,Yes,194C,2,2986.1
Salary,43742,Employee,No,192,20,8748.4
Interest,64604,Company,Yes,194A,10,6460.4
Salary,255196,Employee,No,192,20,51039.2
Interest,59694,Individual,No,194A,20,11938.8
Salary,322554,Employee,Yes,192,20,64510.8
Contractor,232516,Individual,No,194C,20,46503.2
Professional,482548,Individual,Yes,194J,10,48254.8
Rent,213880,Company,No,194I,20,42776.0
Rent,488573,Company,No,194I,20,97714.6
Interest,350561,Company,No,194A,20,70112.2
Rent,87715,Individual,Yes,194I,10,8771.5
Salary,195263,Employee,Yes,192,30,58578.9
Salary,153076,Employee,Yes,192,30,45922.8
Rent,204372,Company,Yes,194I,10,20437.2
Rent,459482,Company,No,194I,20,91896.4
Contractor,175226,Company,No,194C,20,35045.2
Contractor,462831,Company,No,194C,20,92566.2
Contractor,349680,Company,No,194C,20,69936.0
Salary,97823,Employee,No,192,20,19564.6
Salary,215798,Employee,Yes,192,20,43159.6
Interest,285984,Company,Yes,194A,10,28598.4
Salary,303295,Employee,No,192,20,60659.0
Rent,50951,Individual,Yes,194I,10,5095.1
Rent,89721,Company,Yes,194I,10,8972.1
Professional,21306,Individual,No,194J,20,4261.2
Professional,350935,Company,No,194J,20,70187.0
Professional,171607,Company,No,194J,20,34321.4
Salary,294499,Employee,Yes,192,30,88349.7
Contractor,77462,Company,No,194C,20,15492.4
Professional,164509,Company,Yes,194J,10,16450.9
Rent,365540,Company,Yes,194I,10,36554.0
Rent,310968,Company,No,194I,20,62193.6
Contractor,168815,Company,Yes,194C,2,3376.3
Contractor,68256,Company,No,194C,20,13651.2
Professional,295094,Individual,No,194J,20,59018.8
Salary,337465,Employee,No,192,20,67493.0
Salary,60702,Employee,No,192,20,12140.4
Salary,465776,Employee,No,192,20,93155.2
Professional,271895,Company,No,194J,20,54379.0
Professional,35311,Individual,No,194J,20,7062.2
Professional,327096,Individual,No,194J,20,65419.2
Rent,66361,Individual,No,194I,20,13272.2
Interest,181940,Company,No,194A,20,36388.0
Salary,205127,Employee,No,192,20,41025.4
Contractor,125528,Company,Yes,194C,2,2510.56
Salary,395600,Employee,No,192,20,79120.0
Salary,249245,Employee,No,192,20,49849.0
Interest,135226,Individual,No,194A,20,27045.2
Contractor,39275,Individual,Yes,194C,1,392.75
Rent,224813,Company,Yes,194I,10,22481.3
Rent,246512,Company,No,194I,20,49302.4
Interest,68307,Company,Yes,194A,10,6830.7
Professional,89945,Company,Yes,194J,10,8994.5
Professional,362000,Company,No,194J,20,72400.0
Interest,450420,Individual,No,194A,20,90084.0
Interest,405234,Company,No,194A,20,81046.8
Contractor,23174,Company,No,194C,20,4634.8
Contractor,393413,Individual,No,194C,20,78682.6
Rent,120922,Individual,No,194I,20,24184.4
Professional,443309,Company,No,194J,20,88661.8
Salary,304489,Employee,No,192,20,60897.8
Professional,351185,Company,No,194J,20,70237.0
Interest,386113,Individual,No,194A,20,77222.6
Contractor,403155,Company,Yes,194C,1,4031.55
Rent,223216,Individual,No,194I,20,44643.2
Salary,191935,Employee,Yes,192,10,19193.5
Professional,489151,Individual,Yes,194J,10,48915.1
Professional,480936,Individual,No,194J,20,96187.2
Professional,306650,Individual,No,194J,20,61330.0
Salary,199048,Employee,Yes,192,10,19904.8
Interest,44996,Individual,No,194A,20,8999.2
Contractor,77293,Individual,Yes,194C,1,772.93
Professional,181739,Individual,Yes,194J,10,18173.9
Interest,69451,Individual,No,194A,20,13890.2
Interest,342217,Individual,No,194A,20,68443.4
Rent,137049,Company,Yes,194I,10,13704.9
Interest,346680,Individual,No,194A,20,69336.0
Professional,371299,Individual,No,194J,20,74259.8
Rent,356787,Company,Yes,194I,10,35678.7
Interest,267974,Individual,No,194A,20,53594.8
Professional,154578,Company,Yes,194J,10,15457.8
Professional,166704,Company,No,194J,20,33340.8
Salary,376532,Employee,No,192,20,75306.4
Salary,97298,Employee,No,192,20,19459.6
Interest,234185,Company,No,194A,20,46837.0
Interest,381657,Individual,Yes,194A,10,38165.7
Salary,208251,Employee,Yes,192,10,20825.1
Interest,217391,Individual,Yes,194A,10,21739.1
Professional,354210,Company,Yes,194J,10,35421.0
Salary,107088,Employee,No,192,20,21417.6
Professional,121389,Individual,No,194J,20,24277.8
Professional,47591,Individual,Yes,194J,10,4759.1
Contractor,163414,Company,No,194C,20,32682.8
Contractor,351047,Individual,No,194C,20,70209.4
Interest,439795,Company,Yes,194A,10,43979.5
Interest,113321,Individual,No,194A,20,22664.2
Interest,302330,Company,No,194A,20,60466.0
Contractor,92134,Company,Yes,194C,1,921.34
Interest,330411,Company,Yes,194A,10,33041.1
Salary,335761,Employee,No,192,20,67152.2
Contractor,154932,Individual,No,194C,20,30986.4
Salary,37388,Employee,Yes,192,10,3738.8
Interest,82939,Individual,No,194A,20,16587.8
Salary,238075,Employee,No,192,20,47615.0
Interest,134509,Company,No,194A,20,26901.8
Interest,412510,Company,Yes,194A,10,41251.0
Professional,412243,Individual,No,194J,20,82448.6
Interest,365208,Individual,Yes,194A,10,36520.8
Interest,417258,Individual,Yes,194A,10,41725.8
Salary,356171,Employee,No,192,20,71234.2
Contractor,239116,Company,No,194C,20,47823.2
Rent,465914,Company,No,194I,20,93182.8
Salary,189336,Employee,No,192,20,37867.2
Rent,156186,Individual,Yes,194I,10,15618.6
Contractor,46212,Individual,Yes,194C,1,462.12
Contractor,293139,Company,No,194C,20,58627.8
Salary,269298,Employee,Yes,192,5,13464.9
Interest,399788,Individual,No,194A,20,79957.6
Salary,469863,Employee,Yes,192,30,140958.9
Interest,365024,Company,Yes,194A,10,36502.4
Interest,373372,Company,Yes,194A,10,37337.2
Rent,451044,Company,Yes,194I,10,45104.4
Professional,92641,Company,No,194J,20,18528.2
Salary,340738,Employee,No,192,20,68147.6
Contractor,441240,Company,Yes,194C,2,8824.8
Interest,329119,Company,No,194A,20,65823.8
Salary,485062,Employee,No,192,20,97012.4
Professional,242144,Company,Yes,194J,10,24214.4
Professional,446889,Individual,No,194J,20,89377.8
Professional,46493,Company,Yes,194J,10,4649.3
Contractor,273954,Company,No,194C,20,54790.8
Contractor,151001,Individual,Yes,194C,1,1510.01
Interest,315096,Individual,Yes,194A,10,31509.6
Interest,164690,Company,No,194A,20,32938.0
Professional,275318,Company,No,194J,20,55063.6
Professional,280665,Company,No,194J,20,56133.0
Interest,276926,Company,Yes,194A,10,27692.6
Contractor,85792,Individual,No,194C,20,17158.4
Rent,491522,Individual,Yes,194I,10,49152.2
Interest,423637,Company,Yes,194A,10,42363.7
Interest,301569,Company,No,194A,20,60313.8
Rent,469461,Company,No,194I,20,93892.2
Rent,476247,Individual,Yes,194I,10,47624.7
Salary,272884,Employee,Yes,192,5,13644.2
Professional,401821,Company,No,194J,20,80364.2
Contractor,295610,Company,Yes,194C,1,2956.1
Rent,117024,Company,No,194I,20,23404.8
Interest,94981,Company,Yes,194A,10,9498.1
Salary,296715,Employee,Yes,192,20,59343.0
Contractor,482085,Company,Yes,194C,1,4820.85
Interest,415022,Individual,No,194A,20,83004.4
Professional,122745,Company,Yes,194J,10,12274.5
Interest,104274,Company,Yes,194A,10,10427.4
Professional,444315,Company,No,194J,20,88863.0
Salary,75921,Employee,Yes,192,5,3796.05
Rent,326931,Company,No,194I,20,65386.2
Contractor,108878,Company,No,194C,20,21775.6
Contractor,471736,Company,Yes,194C,1,4717.36
Contractor,336062,Company,Yes,194C,2,6721.24
Rent,226121,Company,Yes,194I,10,22612.1
Rent,115685,Company,No,194I,20,23137.0
Professional,358610,Company,Yes,194J,10,35861.0
Interest,300935,Company,Yes,194A,10,30093.5
Interest,421698,Company,Yes,194A,10,42169.8
Rent,490123,Company,No,194I,20,98024.6
Contractor,248290,Individual,No,194C,20,49658.0
Interest,135554,Company,Yes,194A,10,13555.4
Salary,404275,Employee,No,192,20,80855.0
Salary,328635,Employee,No,192,20,65727.0
Salary,433467,Employee,No,192,20,86693.4
Interest,470815,Individual,No,194A,20,94163.0
Salary,117190,Employee,No,192,20,23438.0
Rent,346712,Individual,Yes,194I,10,34671.2
Salary,213141,Employee,No,192,20,42628.2
Contractor,280120,Company,No,194C,20,56024.0
Salary,222061,Employee,Yes,192,20,44412.2
Salary,309290,Employee,Yes,192,30,92787.0
Salary,110544,Employee,Yes,192,5,5527.2
Professional,430455,Company,No,194J,20,86091.0
Professional,90529,Individual,Yes,194J,10,9052.9
Professional,448501,Company,No,194J,20,89700.2
Professional,79599,Company,Yes,194J,10,7959.9
Professional,76654,Company,Yes,194J,10,7665.4
Professional,350640,Company,Yes,194J,10,35064.0
Contractor,45859,Individual,Yes,194C,2,917.18
Contractor,74632,Individual,No,194C,20,14926.4
Professional,493289,Individual,Yes,194J,10,49328.9
Salary,113322,Employee,Yes,192,30,33996.6
Rent,105188,Individual,No,194I,20,21037.6
Salary,28302,Employee,No,192,20,5660.4
Contractor,31307,Company,No,194C,20,6261.4
Salary,81472,Employee,No,192,20,16294.4
Professional,241377,Company,No,194J,20,48275.4
Salary,147586,Employee,Yes,192,30,44275.8
Contractor,379296,Individual,No,194C,20,75859.2
Salary,62747,Employee,No,192,20,12549.4
Rent,185747,Company,No,194I,20,37149.4
Rent,85953,Individual,Yes,194I,10,8595.3
Professional,34850,Company,No,194J,20,6970.0
Rent,57681,Company,Yes,194I,10,5768.1
Interest,376615,Company,No,194A,20,75323.0
Contractor,262209,Individual,Yes,194C,1,2622.09
Rent,461913,Company,No,194I,20,92382.6
Rent,458119,Company,Yes,194I,10,45811.9
Rent,377320,Company,No,194I,20,75464.0
Salary,282700,Employee,No,192,20,56540.0
Salary,320685,Employee,Yes,192,20,64137.0
Contractor,333155,Individual,Yes,194C,1,3331.55
Professional,172331,Company,No,194J,20,34466.2
Contractor,161848,Company,No,194C,20,32369.6
Salary,256483,Employee,No,192,20,51296.6
Contractor,435791,Individual,No,194C,20,87158.2
Professional,409619,Individual,No,194J,20,81923.8
Contractor,329156,Company,No,194C,20,65831.2
Contractor,302050,Company,Yes,194C,2,6041.0
Interest,49522,Company,No,194A,20,9904.4
Salary,339643,Employee,Yes,192,30,101892.9
Salary,50489,Employee,No,192,20,10097.8
Interest,94695,Individual,No,194A,20,18939.0
Contractor,429339,Company,Yes,194C,1,4293.39
Rent,109038,Individual,Yes,194I,10,10903.8
Interest,173246,Individual,Yes,194A,10,17324.6
Professional,470366,Individual,No,194J,20,94073.2
Rent,331798,Individual,No,194I,20,66359.6
Salary,221113,Employee,No,192,20,44222.6
Salary,448832,Employee,No,192,20,89766.4
Contractor,154780,Individual,No,194C,20,30956.0
Rent,249154,Company,Yes,194I,10,24915.4
Rent,418558,Individual,Yes,194I,10,41855.8
Contractor,377880,Individual,No,194C,20,75576.0
Professional,147754,Individual,Yes,194J,10,14775.4
Professional,209755,Individual,Yes,194J,10,20975.5
Salary,331835,Employee,No,192,20,66367.0
Rent,96781,Company,Yes,194I,10,9678.1
Salary,259377,Employee,Yes,192,20,51875.4
Interest,112661,Individual,Yes,194A,10,11266.1
Contractor,476475,Company,Yes,194C,2,9529.5
Interest,162358,Company,Yes,194A,10,16235.8
Professional,492321,Company,Yes,194J,10,49232.1
Contractor,434078,Company,Yes,194C,1,4340.78
Salary,111738,Employee,Yes,192,10,11173.8
Contractor,342861,Company,Yes,194C,2,6857.22
Contractor,486547,Individual,Yes,194C,1,4865.47
Professional,101391,Individual,Yes,194J,10,10139.1
Professional,59491,Individual,Yes,194J,10,5949.1
Contractor,177482,Individual,No,194C,20,35496.4
Rent,112514,Individual,No,194I,20,22502.8
Salary,302504,Employee,Yes,192,5,15125.2
Contractor,160898,Individual,Yes,194C,2,3217.96
Salary,77339,Employee,No,192,20,15467.8
Rent,354728,Company,No,194I,20,70945.6
Contractor,109126,Individual,No,194C,20,21825.2
Professional,73630,Individual,Yes,194J,10,7363.0
Interest,26521,Individual,Yes,194A,10,2652.1
Professional,290184,Individual,Yes,194J,10,29018.4
Professional,463599,Individual,Yes,194J,10,46359.9
Salary,189077,Employee,No,192,20,37815.4
Rent,272392,Individual,Yes,194I,10,27239.2
Professional,406998,Individual,Yes,194J,10,40699.8
Interest,219394,Individual,No,194A,20,43878.8
Contractor,340398,Company,Yes,194C,1,3403.98
Rent,496920,Company,No,194I,20,99384.0
Salary,83486,Employee,Yes,192,30,25045.8
Professional,422803,Company,Yes,194J,10,42280.3
Salary,74092,Employee,No,192,20,14818.4
Contractor,291866,Individual,No,194C,20,58373.2
Salary,51660,Employee,No,192,20,10332.0
Salary,322470,Employee,Yes,192,5,16123.5
Interest,438732,Individual,Yes,194A,10,43873.2
Professional,144750,Company,No,194J,20,28950.0
Salary,20368,Employee,No,192,20,4073.6
Interest,488915,Individual,No,194A,20,97783.0
Contractor,294789,Company,No,194C,20,58957.8
Professional,188265,Individual,Yes,194J,10,18826.5
Rent,357388,Individual,No,194I,20,71477.6
Professional,244502,Company,Yes,194J,10,24450.2
Rent,28381,Individual,No,194I,20,5676.2
Rent,171183,Company,Yes,194I,10,17118.3
Salary,186889,Employee,Yes,192,20,37377.8
Salary,246882,Employee,No,192,20,49376.4
Salary,124437,Employee,No,192,20,24887.4
Salary,29156,Employee,No,192,20,5831.2
Salary,71515,Employee,No,192,20,14303.0
Professional,162779,Individual,Yes,194J,10,16277.9
Rent,197129,Company,Yes,194I,10,19712.9
Salary,334167,Employee,No,192,20,66833.4
Salary,251402,Employee,No,192,20,50280.4
Salary,324162,Employee,Yes,192,30,97248.6
Professional,185006,Individual,No,194J,20,37001.2
Rent,396837,Individual,No,194I,20,79367.4
Interest,83381,Individual,Yes,194A,10,8338.1
Professional,407146,Company,Yes,194J,10,40714.6
Interest,288439,Company,Yes,194A,10,28843.9
Contractor,200554,Individual,Yes,194C,1,2005.54
Salary,453242,Employee,Yes,192,5,22662.1
Interest,302213,Company,Yes,194A,10,30221.3
Rent,350514,Company,Yes,194I,10,35051.4
Salary,395407,Employee,No,192,20,79081.4
Interest,91584,Company,No,194A,20,18316.8
Rent,371111,Individual,No,194I,20,74222.2
Interest,92573,Individual,No,194A,20,18514.6
Salary,357779,Employee,No,192,20,71555.8
Rent,321355,Company,No,194I,20,64271.0
Interest,476979,Individual,No,194A,20,95395.8
Rent,116700,Company,Yes,194I,10,11670.0
Professional,56345,Individual,No,194J,20,11269.0
Salary,293622,Employee,Yes,192,20,58724.4
Salary,196404,Employee,Yes,192,5,9820.2
Salary,435894,Employee,No,192,20,87178.8
Contractor,380465,Individual,Yes,194C,1,3804.65
Salary,295826,Employee,Yes,192,20,59165.2
Interest,205927,Company,Yes,194A,10,20592.7
Contractor,499466,Individual,No,194C,20,99893.2
Contractor,246047,Company,No,194C,20,49209.4
Salary,203261,Employee,Yes,192,10,20326.1
Professional,319791,Company,Yes,194J,10,31979.1
Contractor,212605,Company,Yes,194C,2,4252.1
Interest,410892,Company,No,194A,20,82178.4
Interest,222468,Company,No,194A,20,44493.6
Contractor,211493,Company,No,194C,20,42298.6
